Date,APMC,Variety,Unit,Quantity,Lrate,Hrate,Modal
02/10/2026,PUNE-MANJRI,----,QUINTAL,591,500,1500,1000
02/10/2026,RAHURI,----,QUINTAL,14,500,1500,1000
02/10/2026,SANGAMNER,----,QUINTAL,1800,500,2500,1500
02/10/2026,KHED-CHAKAN,----,QUINTAL,328,1000,1800,1400
02/10/2026,VITA,----,QUINTAL,30,1500,2000,1500
02/10/2026,PANDHARPUR,HYBRID,QUINTAL,31,500,1500,1000
02/10/2026,AMRAVATI-FRUIT AND VEGETABLES,LOCAL,QUINTAL,189,1000,2000,1500
02/10/2026,PUNE-KHADKI,LOCAL,QUINTAL,13,800,1300,1050
02/10/2026,PUNE-PIMPRI,LOCAL,QUINTAL,6,1200,1400,1300
02/10/2026,PUNE-MOSHI,LOCAL,QUINTAL,535,1000,1500,1250
02/10/2026,KHED,LOCAL,QUINTAL,108,500,2000,1000
02/10/2026,VADGAON PETH,LOCAL,QUINTAL,75,1000,2000,1400
02/10/2026,MANGALWEDHA,LOCAL,QUINTAL,42,300,1700,1100
02/10/2026,KAMTHI,LOCAL,QUINTAL,30,2000,2500,2350
02/10/2026,MUMBAI,No. 1,QUINTAL,1826,1600,2400,1800
02/10/2026,RATANAGARI,No. 1,QUINTAL,16,1000,1500,1100
02/10/2026,BHUSAVAL,VAISHALI,QUINTAL,57,500,1000,800
01/10/2026,KOLHAPUR,----,QUINTAL,192,500,1500,1000
01/10/2026,PUNE-MANJRI,----,QUINTAL,573,1000,2000,1500
01/10/2026,CHHATRAPATI SAMBHAJINAGAR,----,QUINTAL,105,500,1300,900
01/10/2026,CHANDRAPUR-GANJWAD,----,QUINTAL,215,800,1600,1200
01/10/2026,SINNAR-PANDHURLI,----,QUINTAL,640,100,450,350
01/10/2026,SINNAR-HIVARGAON,----,QUINTAL,4320,500,2250,1500
01/10/2026,RAHURI,----,QUINTAL,11,1000,1500,1250
01/10/2026,SANGAMNER,----,QUINTAL,1750,500,2500,1500
01/10/2026,KHED-CHAKAN,----,QUINTAL,451,700,1500,1200
01/10/2026,SHRIRAMPUR,----,QUINTAL,28,500,1000,750
01/10/2026,PIMPALGAON BASAWANT,----,QUINTAL,66157,250,2905,2205
01/10/2026,GHOTI,----,QUINTAL,30,2000,2200,2100
01/10/2026,VITA,----,QUINTAL,30,1500,2000,1600
01/10/2026,SATARA,----,QUINTAL,86,1000,2000,1500
01/10/2026,RAHATA,----,QUINTAL,63,500,1750,1125
01/10/2026,PANDHARPUR,HYBRID,QUINTAL,32,500,1500,1000
01/10/2026,KALMESHWAR,HYBRID,QUINTAL,10,820,1200,1010
01/10/2026,RAMTEK,HYBRID,QUINTAL,28,1800,2000,1900
01/10/2026,AKLUJ,LOCAL,QUINTAL,32,750,1500,1300
01/10/2026,PUNE-KHADKI,LOCAL,QUINTAL,14,700,1300,1000
01/10/2026,PUNE-PIMPRI,LOCAL,QUINTAL,9,1400,1800,1600
01/10/2026,PUNE-MOSHI,LOCAL,QUINTAL,802,1000,2000,1500
01/10/2026,JUNNAR (NARAYANGAON),LOCAL,QUINTAL,6850,750,2000,1500
01/10/2026,NAGPUR,LOCAL,QUINTAL,510,2500,3200,3025
01/10/2026,KHED,LOCAL,QUINTAL,118,500,1600,1000
01/10/2026,VADGAON PETH,LOCAL,QUINTAL,80,1000,2000,1200
01/10/2026,MANGALWEDHA,LOCAL,QUINTAL,83,200,1800,1000
01/10/2026,KAMTHI,LOCAL,QUINTAL,23,2500,3000,2750
01/10/2026,HINGNA,LOCAL,QUINTAL,41,1500,3250,2410
01/10/2026,BARAMATI-JALOCHI,No. 1,QUINTAL,25,400,1200,1000
01/10/2026,PANVEL,No. 1,QUINTAL,700,2500,3000,2750
01/10/2026,MUMBAI,No. 1,QUINTAL,1652,2000,2400,2200
01/10/2026,RATANAGARI,No. 1,QUINTAL,16,1000,1500,1200
01/10/2026,SOLAPUR,VAISHALI,QUINTAL,410,400,2800,1800
01/10/2026,JALGAON,VAISHALI,QUINTAL,95,500,1000,700
01/10/2026,DHARASHIV,VAISHALI,QUINTAL,49,500,2150,1325
01/10/2026,NAGPUR,VAISHALI,QUINTAL,400,1700,2200,2075
01/10/2026,KARAD,VAISHALI,QUINTAL,30,800,1000,1000
01/10/2026,PHALTAN,VAISHALI,QUINTAL,72,500,1500,945
01/10/2026,BHUSAVAL,VAISHALI,QUINTAL,66,500,1000,800
30/09/2026,KOLHAPUR,----,QUINTAL,298,500,1200,900
30/09/2026,PUNE-MANJRI,----,QUINTAL,640,1000,2000,1500
30/09/2026,CHHATRAPATI SAMBHAJINAGAR,----,QUINTAL,71,600,1200,900
30/09/2026,CHANDRAPUR-GANJWAD,----,QUINTAL,360,800,1600,1200
30/09/2026,SINNAR-HIVARGAON,----,QUINTAL,5360,500,1750,1250
30/09/2026,RAHURI,----,QUINTAL,14,500,1500,1000
30/09/2026,PATAN,----,QUINTAL,9,950,1350,1150
30/09/2026,SANGAMNER,----,QUINTAL,1600,500,2000,1250
30/09/2026,KHED-CHAKAN,----,QUINTAL,379,800,1500,1200
30/09/2026,SHRIRAMPUR,----,QUINTAL,29,800,1200,1000
30/09/2026,PIMPALGAON BASAWANT,----,QUINTAL,79243,250,3005,2255
30/09/2026,GHOTI,----,QUINTAL,39,2000,2200,2100
30/09/2026,SATARA,----,QUINTAL,36,1000,2000,1500
30/09/2026,RAHATA,----,QUINTAL,21,400,1750,1075
30/09/2026,NASHIK,HYBRID,QUINTAL,2954,300,1900,1200
30/09/2026,PANDHARPUR,HYBRID,QUINTAL,31,500,1500,1000
30/09/2026,KALMESHWAR,HYBRID,QUINTAL,12,1015,1500,1305
30/09/2026,RAMTEK,HYBRID,QUINTAL,11,1800,2000,1900
30/09/2026,AKLUJ,LOCAL,QUINTAL,28,600,1500,1200
30/09/2026,AMRAVATI-FRUIT AND VEGETABLES,LOCAL,QUINTAL,189,1500,2000,1750
30/09/2026,PUNE,LOCAL,QUINTAL,1531,600,1600,1100
30/09/2026,PUNE-KHADKI,LOCAL,QUINTAL,13,700,1300,1000
30/09/2026,PUNE-PIMPRI,LOCAL,QUINTAL,11,1000,1500,1250
30/09/2026,JUNNAR (NARAYANGAON),LOCAL,QUINTAL,6435,1000,2500,2000
30/09/2026,NAGPUR,LOCAL,QUINTAL,600,1500,2500,2250
30/09/2026,KHED,LOCAL,QUINTAL,70,500,1800,1000
30/09/2026,VADGAON PETH,LOCAL,QUINTAL,55,800,1200,1000
30/09/2026,VAI,LOCAL,QUINTAL,70,1000,2000,1500
30/09/2026,MANGALWEDHA,LOCAL,QUINTAL,50,300,1700,1100
30/09/2026,KAMTHI,LOCAL,QUINTAL,30,1500,2500,2000
30/09/2026,HINGNA,LOCAL,QUINTAL,42,1000,3000,2205
30/09/2026,BARAMATI-JALOCHI,No. 1,QUINTAL,20,500,1500,1200
30/09/2026,PANVEL,No. 1,QUINTAL,725,2500,3000,2750
30/09/2026,MUMBAI,No. 1,QUINTAL,870,2000,3000,2800
30/09/2026,RATANAGARI,No. 1,QUINTAL,18,1000,1800,1200
30/09/2026,SOLAPUR,VAISHALI,QUINTAL,327,200,2600,1800
30/09/2026,JALGAON,VAISHALI,QUINTAL,140,500,1000,700
30/09/2026,DHARASHIV,VAISHALI,QUINTAL,39,600,2300,1350
30/09/2026,NAGPUR,VAISHALI,QUINTAL,600,1000,2000,1750
30/09/2026,KARAD,VAISHALI,QUINTAL,30,1000,1200,1200
30/09/2026,PHALTAN,VAISHALI,QUINTAL,65,500,1500,974
30/09/2026,BHUSAVAL,VAISHALI,QUINTAL,75,500,1000,800
29/09/2026,KOLHAPUR,----,QUINTAL,174,500,1200,1000
29/09/2026,PUNE-MANJRI,----,QUINTAL,522,1000,2000,1500
29/09/2026,CHHATRAPATI SAMBHAJINAGAR,----,QUINTAL,83,500,1500,1000
29/09/2026,CHANDRAPUR-GANJWAD,----,QUINTAL,416,800,1600,1200
29/09/2026,SINNAR-PANDHURLI,----,QUINTAL,180,500,1750,1500
29/09/2026,SINNAR-HIVARGAON,----,QUINTAL,5120,500,2250,1750
29/09/2026,RAHURI,----,QUINTAL,44,1000,1600,1300
29/09/2026,PATAN,----,QUINTAL,9,1250,1450,1350
29/09/2026,SANGAMNER,----,QUINTAL,2450,500,2000,1250
29/09/2026,KHED-CHAKAN,----,QUINTAL,411,800,1500,1200
29/09/2026,MANCHAR,----,QUINTAL,2,1000,3800,2400
29/09/2026,PIMPALGAON BASAWANT,----,QUINTAL,66884,250,2255,1505
29/09/2026,NAVAPUR,----,QUINTAL,510,700,1500,1063
29/09/2026,GHOTI,----,QUINTAL,45,2000,2200,2100
29/09/2026,VITA,----,QUINTAL,30,1500,2000,1500
29/09/2026,SATARA,----,QUINTAL,76,1000,2000,1500
29/09/2026,RAHATA,----,QUINTAL,60,250,1500,875
29/09/2026,NASHIK,HYBRID,QUINTAL,2512,250,1755,1050
29/09/2026,PANDHARPUR,HYBRID,QUINTAL,34,500,1500,1000
29/09/2026,KALMESHWAR,HYBRID,QUINTAL,10,1020,1500,1340
29/09/2026,RAMTEK,HYBRID,QUINTAL,14,1800,2000,1900
29/09/2026,AMRAVATI-FRUIT AND VEGETABLES,LOCAL,QUINTAL,180,1500,2000,1750
29/09/2026,PUNE,LOCAL,QUINTAL,2177,600,1600,1100
29/09/2026,PUNE-KHADKI,LOCAL,QUINTAL,11,800,1300,1050
29/09/2026,PUNE-PIMPRI,LOCAL,QUINTAL,4,1500,1500,1500
29/09/2026,PUNE-MOSHI,LOCAL,QUINTAL,774,1000,2000,1500
29/09/2026,JUNNAR (NARAYANGAON),LOCAL,QUINTAL,6472,750,2000,1500
29/09/2026,NAGPUR,LOCAL,QUINTAL,400,2000,2500,2375
29/09/2026,KHED,LOCAL,QUINTAL,77,500,1800,1000
29/09/2026,VADGAON PETH,LOCAL,QUINTAL,100,1000,2000,1200
29/09/2026,VAI,LOCAL,QUINTAL,7,1000,1800,1450
29/09/2026,KAMTHI,LOCAL,QUINTAL,40,2000,2500,2350
29/09/2026,HINGNA,LOCAL,QUINTAL,108,1000,2500,2044
29/09/2026,BARAMATI-JALOCHI,No. 1,QUINTAL,16,500,1500,1200
29/09/2026,PANVEL,No. 1,QUINTAL,710,2500,3000,2750
29/09/2026,MUMBAI,No. 1,QUINTAL,2294,2000,2400,2200
29/09/2026,RATANAGARI,No. 1,QUINTAL,16,1000,1800,1500
29/09/2026,ISLAMPUR,No. 1,QUINTAL,94,1000,1500,1200
29/09/2026,SOLAPUR,VAISHALI,QUINTAL,367,400,2000,1400
29/09/2026,JALGAON,VAISHALI,QUINTAL,130,500,1000,700
29/09/2026,DHARASHIV,VAISHALI,QUINTAL,75,500,1800,1150
29/09/2026,NAGPUR,VAISHALI,QUINTAL,400,1500,2000,1875
29/09/2026,KARAD,VAISHALI,QUINTAL,24,500,1400,1400
29/09/2026,BHUSAVAL,VAISHALI,QUINTAL,70,500,1000,800
28/09/2026,KOLHAPUR,----,QUINTAL,292,500,1500,1000
28/09/2026,AHILYANAGAR,----,QUINTAL,282,300,1500,900
28/09/2026,PUNE-MANJRI,----,QUINTAL,721,1000,2000,1500
28/09/2026,CHHATRAPATI SAMBHAJINAGAR,----,QUINTAL,113,400,1200,800
28/09/2026,CHANDRAPUR-GANJWAD,----,QUINTAL,371,800,1600,1200
28/09/2026,SINNAR-PANDHURLI,----,QUINTAL,160,500,1750,1500
28/09/2026,SINNAR-HIVARGAON,----,QUINTAL,4853,500,2125,1500
28/09/2026,RAHURI,----,QUINTAL,27,500,1500,1000
28/09/2026,PATAN,----,QUINTAL,7,1250,1450,1350
28/09/2026,SANGAMNER,----,QUINTAL,2400,500,2000,1250
28/09/2026,SHRIRAMPUR,----,QUINTAL,21,400,1000,700
28/09/2026,PIMPALGAON BASAWANT,----,QUINTAL,67117,250,2005,1455
28/09/2026,NAVAPUR,----,QUINTAL,570,600,1500,1113
28/09/2026,GHOTI,----,QUINTAL,36,2000,2200,2100
28/09/2026,VITA,----,QUINTAL,40,1500,2000,1700
28/09/2026,SATARA,----,QUINTAL,60,1000,2000,1500
28/09/2026,NASHIK,HYBRID,QUINTAL,2482,250,1500,875
28/09/2026,PANDHARPUR,HYBRID,QUINTAL,30,500,1300,800
28/09/2026,KALYAN,HYBRID,QUINTAL,3,400,600,500
28/09/2026,AKLUJ,LOCAL,QUINTAL,27,1000,1500,1200
28/09/2026,AMRAVATI-FRUIT AND VEGETABLES,LOCAL,QUINTAL,180,1400,2000,1700
28/09/2026,PUNE-KHADKI,LOCAL,QUINTAL,11,700,1300,1000
28/09/2026,PUNE-PIMPRI,LOCAL,QUINTAL,2,2200,2200,2200
28/09/2026,PUNE-MOSHI,LOCAL,QUINTAL,473,1500,1500,1500
28/09/2026,JUNNAR (NARAYANGAON),LOCAL,QUINTAL,7330,500,1750,1250
28/09/2026,NAGPUR,LOCAL,QUINTAL,700,1000,2200,1900
28/09/2026,KHED,LOCAL,QUINTAL,131,400,2000,1000
28/09/2026,VAI,LOCAL,QUINTAL,70,1000,2000,1560
28/09/2026,MANGALWEDHA,LOCAL,QUINTAL,85,500,1600,1100
28/09/2026,KAMTHI,LOCAL,QUINTAL,26,2000,2500,2350
28/09/2026,HINGNA,LOCAL,QUINTAL,146,400,2500,1789
28/09/2026,BARAMATI-JALOCHI,No. 1,QUINTAL,18,400,1200,1000
28/09/2026,PANVEL,No. 1,QUINTAL,1015,2500,3000,2750
28/09/2026,MUMBAI,No. 1,QUINTAL,3078,2000,2500,2250
28/09/2026,RATANAGARI,No. 1,QUINTAL,16,1000,1800,1500
28/09/2026,SOLAPUR,VAISHALI,QUINTAL,475,400,2100,1500
28/09/2026,JALGAON,VAISHALI,QUINTAL,120,500,1200,900
28/09/2026,NAGPUR,VAISHALI,QUINTAL,400,2000,2500,2375
28/09/2026,KARAD,VAISHALI,QUINTAL,18,1200,1500,1500
27/09/2026,KOLHAPUR,----,QUINTAL,222,500,1500,1000
27/09/2026,AHILYANAGAR,----,QUINTAL,327,200,1300,750
27/09/2026,PUNE-MANJRI,----,QUINTAL,800,1000,2000,1500
27/09/2026,CHHATRAPATI SAMBHAJINAGAR,----,QUINTAL,140,500,900,700
27/09/2026,SINNAR-PANDHURLI,----,QUINTAL,450,500,2000,1500
27/09/2026,RAHURI,----,QUINTAL,38,300,1600,950
27/09/2026,SANGAMNER,----,QUINTAL,2100,500,1750,1125
27/09/2026,KHED-CHAKAN,----,QUINTAL,435,1000,1600,1200
27/09/2026,SHRIRAMPUR,----,QUINTAL,30,500,1000,750
27/09/2026,PIMPALGAON BASAWANT,----,QUINTAL,57038,250,2005,1405
27/09/2026,NAVAPUR,----,QUINTAL,750,500,1500,844
27/09/2026,VITA,----,QUINTAL,30,1500,2000,1600
27/09/2026,SATARA,----,QUINTAL,96,1000,1500,1250
27/09/2026,RAHATA,----,QUINTAL,55,500,1500,1000
27/09/2026,NASHIK,HYBRID,QUINTAL,2975,250,1700,1025
27/09/2026,KALMESHWAR,HYBRID,QUINTAL,11,1015,1500,1305
27/09/2026,RAMTEK,HYBRID,QUINTAL,30,1200,1600,1400
27/09/2026,AKLUJ,LOCAL,QUINTAL,20,700,1500,1000
27/09/2026,AMRAVATI-FRUIT AND VEGETABLES,LOCAL,QUINTAL,180,1500,2000,1750
27/09/2026,PUNE-KHADKI,LOCAL,QUINTAL,13,1000,1400,1200
27/09/2026,PUNE-PIMPRI,LOCAL,QUINTAL,15,1400,2000,1700
27/09/2026,PUNE-MOSHI,LOCAL,QUINTAL,844,1000,1500,1250
27/09/2026,JUNNAR (NARAYANGAON),LOCAL,QUINTAL,6770,750,2000,1500
27/09/2026,CHANDVAD,LOCAL,QUINTAL,31,500,2275,1350
27/09/2026,KHED,LOCAL,QUINTAL,189,500,1800,1000
27/09/2026,VAI,LOCAL,QUINTAL,70,1000,1800,1500
27/09/2026,MANGALWEDHA,LOCAL,QUINTAL,31,500,1400,1100
27/09/2026,KAMTHI,LOCAL,QUINTAL,25,2000,2500,2350
27/09/2026,BARAMATI-JALOCHI,No. 1,QUINTAL,20,500,1500,1200
27/09/2026,PANVEL,No. 1,QUINTAL,625,2500,3000,2750
27/09/2026,ISLAMPUR,No. 1,QUINTAL,64,1000,1200,1150
27/09/2026,DHARASHIV,VAISHALI,QUINTAL,110,500,1500,1000
27/09/2026,KARAD,VAISHALI,QUINTAL,90,800,1200,1200
27/09/2026,PHALTAN,VAISHALI,QUINTAL,55,500,1250,870
27/09/2026,BHUSAVAL,VAISHALI,QUINTAL,167,500,1000,800
26/09/2026,CHHATRAPATI SAMBHAJINAGAR,----,QUINTAL,130,500,1000,750
26/09/2026,SINNAR-HIVARGAON,----,QUINTAL,6040,500,2500,2000
26/09/2026,RAHURI,----,QUINTAL,7,500,1500,1000
26/09/2026,PATAN,----,QUINTAL,9,1250,1450,1350
26/09/2026,SANGAMNER,----,QUINTAL,1850,500,1500,1000
26/09/2026,KHED-CHAKAN,----,QUINTAL,403,800,1600,1300
26/09/2026,SHRIRAMPUR,----,QUINTAL,24,500,1000,750
26/09/2026,GHOTI,----,QUINTAL,30,2000,2200,2100
26/09/2026,VITA,----,QUINTAL,30,1500,2000,1600
26/09/2026,SATARA,----,QUINTAL,64,1000,1500,1200
26/09/2026,RAHATA,----,QUINTAL,27,500,1250,875
26/09/2026,KALMESHWAR,HYBRID,QUINTAL,9,1015,1500,1305
26/09/2026,RAMTEK,HYBRID,QUINTAL,9,1600,1800,1700
26/09/2026,AKLUJ,LOCAL,QUINTAL,25,800,1500,1200
26/09/2026,AMRAVATI-FRUIT AND VEGETABLES,LOCAL,QUINTAL,189,1400,2000,1700
26/09/2026,PUNE-PIMPRI,LOCAL,QUINTAL,13,1400,1600,1500
26/09/2026,JUNNAR (NARAYANGAON),LOCAL,QUINTAL,6035,750,2000,1500
26/09/2026,NAGPUR,LOCAL,QUINTAL,900,1500,2200,2025
26/09/2026,VAI,LOCAL,QUINTAL,120,1500,2000,1700
26/09/2026,MANGALWEDHA,LOCAL,QUINTAL,45,300,1300,1000
26/09/2026,KAMTHI,LOCAL,QUINTAL,23,2000,2500,2350
26/09/2026,HINGNA,LOCAL,QUINTAL,115,1000,2500,1705
26/09/2026,BARAMATI-JALOCHI,No. 1,QUINTAL,18,500,1500,1200
26/09/2026,PANVEL,No. 1,QUINTAL,725,2500,3000,2750
26/09/2026,MUMBAI,No. 1,QUINTAL,2758,2000,2500,2250
26/09/2026,SOLAPUR,VAISHALI,QUINTAL,400,200,1800,1300
26/09/2026,JALGAON,VAISHALI,QUINTAL,130,500,1200,850
26/09/2026,DHARASHIV,VAISHALI,QUINTAL,40,500,1250,875
26/09/2026,NAGPUR,VAISHALI,QUINTAL,500,2000,2500,2375
26/09/2026,PHALTAN,VAISHALI,QUINTAL,65,750,1250,920
26/09/2026,BHUSAVAL,VAISHALI,QUINTAL,49,500,1000,800
