day,date,rising_price,falling_price,flat_price,shock_price,is_synthetic,generator,seed,config_hash
1,2025-01-01,2000.0,2000.0,1987.18,2000.0,True,golden_fixtures_v1,42,08efbdb5ab95
2,2025-01-02,2050.0,1950.0,1992.48,2000.0,True,golden_fixtures_v1,42,08efbdb5ab95
3,2025-01-03,2101.25,1901.25,2001.58,2000.0,True,golden_fixtures_v1,42,08efbdb5ab95
4,2025-01-04,2153.78,1853.72,2002.26,2000.0,True,golden_fixtures_v1,42,08efbdb5ab95
5,2025-01-05,2207.63,1807.38,1987.28,2000.0,True,golden_fixtures_v1,42,08efbdb5ab95
6,2025-01-06,2262.82,1762.19,1991.27,2000.0,True,golden_fixtures_v1,42,08efbdb5ab95
7,2025-01-07,2319.39,1718.14,1991.89,2000.0,True,golden_fixtures_v1,42,08efbdb5ab95
8,2025-01-08,2377.37,1675.18,1998.19,2000.0,True,golden_fixtures_v1,42,08efbdb5ab95
9,2025-01-09,2436.81,1633.3,2019.85,2000.0,True,golden_fixtures_v1,42,08efbdb5ab95
10,2025-01-10,2497.73,1592.47,1990.67,2000.0,True,golden_fixtures_v1,42,08efbdb5ab95
11,2025-01-11,2560.17,1552.66,1990.23,2000.0,True,golden_fixtures_v1,42,08efbdb5ab95
12,2025-01-12,2624.17,1513.84,1988.67,2000.0,True,golden_fixtures_v1,42,08efbdb5ab95
13,2025-01-13,2689.78,1476.0,2006.36,2000.0,True,golden_fixtures_v1,42,08efbdb5ab95
14,2025-01-14,2757.02,1439.1,1999.59,2000.0,True,golden_fixtures_v1,42,08efbdb5ab95
15,2025-01-15,2825.95,1403.12,1991.04,2000.0,True,golden_fixtures_v1,42,08efbdb5ab95
16,2025-01-16,2896.6,1368.04,1996.37,1288.13,True,golden_fixtures_v1,42,08efbdb5ab95
17,2025-01-17,2969.01,1333.84,2002.96,1340.27,True,golden_fixtures_v1,42,08efbdb5ab95
18,2025-01-18,3043.24,1300.49,2005.51,1298.61,True,golden_fixtures_v1,42,08efbdb5ab95
19,2025-01-19,3119.32,1267.98,1993.35,1279.85,True,golden_fixtures_v1,42,08efbdb5ab95
20,2025-01-20,3197.3,1236.28,2007.34,1310.19,True,golden_fixtures_v1,42,08efbdb5ab95
21,2025-01-21,3277.23,1205.38,1995.34,1318.2,True,golden_fixtures_v1,42,08efbdb5ab95
22,2025-01-22,3359.16,1175.24,2000.21,1311.62,True,golden_fixtures_v1,42,08efbdb5ab95
23,2025-01-23,3443.14,1145.86,2002.96,1297.34,True,golden_fixtures_v1,42,08efbdb5ab95
24,2025-01-24,3529.22,1117.21,1990.45,1297.82,True,golden_fixtures_v1,42,08efbdb5ab95
25,2025-01-25,3617.45,1089.28,2008.42,1292.38,True,golden_fixtures_v1,42,08efbdb5ab95
26,2025-01-26,3707.89,1062.05,2004.4,1283.76,True,golden_fixtures_v1,42,08efbdb5ab95
27,2025-01-27,3800.59,1035.5,2007.8,1304.69,True,golden_fixtures_v1,42,08efbdb5ab95
28,2025-01-28,3895.6,1009.61,1987.98,1296.64,True,golden_fixtures_v1,42,08efbdb5ab95
29,2025-01-29,3992.99,984.37,2009.31,1281.11,True,golden_fixtures_v1,42,08efbdb5ab95
30,2025-01-30,4092.81,959.76,1989.29,1298.96,True,golden_fixtures_v1,42,08efbdb5ab95
