farmer_id,mandi_id,target_mandi_district,crop,village_lat,village_lon,distance_to_mandi_km,quantity_q,vehicle_type,cash_deadline_days,storage_condition,quality_factor,is_synthetic,generator,seed,config_hash
F_ONI_00_000,mh_nashik_lasalgaon,Nashik,onion,19.74988,74.39652,47.57,100.0,truck,14,ambient_dry,0.8,True,farmers_v1,42,08efbdb5ab95
F_ONI_00_001,mh_nashik_lasalgaon,Nashik,onion,20.24205,73.78729,46.86,10.0,tempo,7,ambient_dry,0.8,True,farmers_v1,42,08efbdb5ab95
F_ONI_00_002,mh_nashik_lasalgaon,Nashik,onion,20.30791,73.87752,40.41,20.0,tempo,3,ambient_dry,1.0,True,farmers_v1,42,08efbdb5ab95
F_ONI_00_003,mh_nashik_lasalgaon,Nashik,onion,19.83913,73.86865,50.52,50.0,truck,7,humid,0.8,True,farmers_v1,42,08efbdb5ab95
F_ONI_00_004,mh_nashik_lasalgaon,Nashik,onion,20.29402,74.65683,47.81,20.0,tempo,0,ambient_dry,0.9,True,farmers_v1,42,08efbdb5ab95
F_ONI_00_005,mh_nashik_lasalgaon,Nashik,onion,20.55267,74.13609,45.96,20.0,tempo,7,ambient_dry,1.0,True,farmers_v1,42,08efbdb5ab95
F_ONI_00_006,mh_nashik_lasalgaon,Nashik,onion,20.03905,74.24322,12.15,10.0,tempo,14,ambient_dry,0.9,True,farmers_v1,42,08efbdb5ab95
F_ONI_00_007,mh_nashik_lasalgaon,Nashik,onion,19.99748,74.61142,43.51,50.0,truck,14,ambient_dry,1.0,True,farmers_v1,42,08efbdb5ab95
F_ONI_00_008,mh_nashik_lasalgaon,Nashik,onion,20.39193,74.53962,42.54,10.0,tempo,0,humid,0.9,True,farmers_v1,42,08efbdb5ab95
F_ONI_00_009,mh_nashik_lasalgaon,Nashik,onion,20.22289,73.81315,43.78,20.0,tempo,7,ambient_dry,1.0,True,farmers_v1,42,08efbdb5ab95
F_ONI_00_010,mh_nashik_lasalgaon,Nashik,onion,19.77715,74.29788,41.76,20.0,tempo,14,ambient_dry,0.9,True,farmers_v1,42,08efbdb5ab95
F_ONI_00_011,mh_nashik_lasalgaon,Nashik,onion,20.04008,74.5491,35.76,10.0,tempo,7,ambient_dry,1.0,True,farmers_v1,42,08efbdb5ab95
F_ONI_00_012,mh_nashik_lasalgaon,Nashik,onion,20.19434,74.72136,51.94,10.0,tempo,3,ambient_dry,0.9,True,farmers_v1,42,08efbdb5ab95
F_ONI_00_013,mh_nashik_lasalgaon,Nashik,onion,20.21506,73.89125,35.64,50.0,truck,7,humid,1.0,True,farmers_v1,42,08efbdb5ab95
F_ONI_00_014,mh_nashik_lasalgaon,Nashik,onion,20.19473,74.25765,6.25,50.0,truck,7,ambient_dry,1.0,True,farmers_v1,42,08efbdb5ab95
F_ONI_00_015,mh_nashik_lasalgaon,Nashik,onion,20.10732,74.10436,13.38,20.0,tempo,7,ambient_dry,0.9,True,farmers_v1,42,08efbdb5ab95
F_ONI_00_016,mh_nashik_lasalgaon,Nashik,onion,20.33836,74.35054,24.9,10.0,tempo,21,humid,0.9,True,farmers_v1,42,08efbdb5ab95
F_ONI_00_017,mh_nashik_lasalgaon,Nashik,onion,20.32068,74.18926,19.62,50.0,truck,14,ambient_dry,1.0,True,farmers_v1,42,08efbdb5ab95
F_ONI_00_018,mh_nashik_lasalgaon,Nashik,onion,20.22316,74.16871,10.3,20.0,tempo,3,ambient_dry,0.9,True,farmers_v1,42,08efbdb5ab95
F_ONI_00_019,mh_nashik_lasalgaon,Nashik,onion,20.22955,74.11475,14.72,50.0,truck,14,ambient_dry,0.9,True,farmers_v1,42,08efbdb5ab95
F_ONI_00_020,mh_nashik_lasalgaon,Nashik,onion,19.95035,73.93748,37.13,10.0,tempo,7,ambient_dry,1.0,True,farmers_v1,42,08efbdb5ab95
F_ONI_00_021,mh_nashik_lasalgaon,Nashik,onion,20.27548,74.40057,23.14,10.0,tempo,7,ambient_dry,0.8,True,farmers_v1,42,08efbdb5ab95
F_ONI_00_022,mh_nashik_lasalgaon,Nashik,onion,19.95683,74.51647,36.96,20.0,tempo,0,humid,1.0,True,farmers_v1,42,08efbdb5ab95
F_ONI_00_023,mh_nashik_lasalgaon,Nashik,onion,20.52291,74.45454,48.05,20.0,tempo,7,humid,0.9,True,farmers_v1,42,08efbdb5ab95
F_ONI_00_024,mh_nashik_lasalgaon,Nashik,onion,20.11743,74.52169,31.04,20.0,tempo,7,ambient_dry,1.0,True,farmers_v1,42,08efbdb5ab95
F_ONI_01_000,mh_nashik_pimpalgaon,Nashik,onion,20.53522,73.69374,50.45,10.0,tempo,7,ambient_dry,0.9,True,farmers_v1,42,08efbdb5ab95
F_ONI_01_001,mh_nashik_pimpalgaon,Nashik,onion,20.07473,73.82222,20.47,50.0,truck,14,ambient_dry,0.8,True,farmers_v1,42,08efbdb5ab95
F_ONI_01_002,mh_nashik_pimpalgaon,Nashik,onion,20.32884,74.02718,17.66,20.0,tempo,7,humid,0.9,True,farmers_v1,42,08efbdb5ab95
F_ONI_01_003,mh_nashik_pimpalgaon,Nashik,onion,20.3675,73.92488,22.44,20.0,tempo,7,ambient_dry,0.8,True,farmers_v1,42,08efbdb5ab95
F_ONI_01_004,mh_nashik_pimpalgaon,Nashik,onion,20.2957,74.02526,14.05,20.0,tempo,21,humid,0.9,True,farmers_v1,42,08efbdb5ab95
F_ONI_01_005,mh_nashik_pimpalgaon,Nashik,onion,20.55553,73.6661,53.99,20.0,tempo,7,humid,0.9,True,farmers_v1,42,08efbdb5ab95
F_ONI_01_006,mh_nashik_pimpalgaon,Nashik,onion,20.36492,74.12486,25.55,50.0,truck,3,humid,1.0,True,farmers_v1,42,08efbdb5ab95
F_ONI_01_007,mh_nashik_pimpalgaon,Nashik,onion,20.22575,73.88924,11.75,10.0,tempo,3,ambient_dry,0.8,True,farmers_v1,42,08efbdb5ab95
F_ONI_01_008,mh_nashik_pimpalgaon,Nashik,onion,20.12142,74.12862,15.8,50.0,truck,21,ambient_dry,1.0,True,farmers_v1,42,08efbdb5ab95
F_ONI_01_009,mh_nashik_pimpalgaon,Nashik,onion,20.18072,74.04259,5.77,10.0,tempo,14,ambient_dry,1.0,True,farmers_v1,42,08efbdb5ab95
F_ONI_01_010,mh_nashik_pimpalgaon,Nashik,onion,19.8345,73.78548,43.18,10.0,tempo,14,humid,0.9,True,farmers_v1,42,08efbdb5ab95
F_ONI_01_011,mh_nashik_pimpalgaon,Nashik,onion,20.25248,74.0699,12.21,100.0,truck,7,ambient_dry,1.0,True,farmers_v1,42,08efbdb5ab95
F_ONI_01_012,mh_nashik_pimpalgaon,Nashik,onion,20.53317,73.87819,41.46,20.0,tempo,21,ambient_dry,0.9,True,farmers_v1,42,08efbdb5ab95
F_ONI_01_013,mh_nashik_pimpalgaon,Nashik,onion,20.45666,74.22393,39.87,10.0,tempo,7,humid,0.9,True,farmers_v1,42,08efbdb5ab95
F_ONI_01_014,mh_nashik_pimpalgaon,Nashik,onion,20.34404,73.47841,56.32,20.0,tempo,14,ambient_dry,1.0,True,farmers_v1,42,08efbdb5ab95
F_ONI_01_015,mh_nashik_pimpalgaon,Nashik,onion,20.30632,73.52274,50.62,10.0,tempo,7,ambient_dry,0.8,True,farmers_v1,42,08efbdb5ab95
F_ONI_01_016,mh_nashik_pimpalgaon,Nashik,onion,19.88081,74.17898,38.17,20.0,tempo,7,humid,0.8,True,farmers_v1,42,08efbdb5ab95
F_ONI_01_017,mh_nashik_pimpalgaon,Nashik,onion,20.17776,74.27527,29.96,10.0,tempo,14,humid,1.0,True,farmers_v1,42,08efbdb5ab95
F_ONI_01_018,mh_nashik_pimpalgaon,Nashik,onion,20.10941,73.94122,8.66,10.0,tempo,14,ambient_dry,1.0,True,farmers_v1,42,08efbdb5ab95
F_ONI_01_019,mh_nashik_pimpalgaon,Nashik,onion,20.42788,74.44837,55.65,20.0,tempo,3,ambient_dry,1.0,True,farmers_v1,42,08efbdb5ab95
F_ONI_01_020,mh_nashik_pimpalgaon,Nashik,onion,20.20716,74.05643,8.05,10.0,tempo,7,humid,1.0,True,farmers_v1,42,08efbdb5ab95
F_ONI_01_021,mh_nashik_pimpalgaon,Nashik,onion,19.97157,73.98156,22.49,100.0,truck,21,ambient_dry,1.0,True,farmers_v1,42,08efbdb5ab95
F_ONI_01_022,mh_nashik_pimpalgaon,Nashik,onion,20.17472,74.16066,18.02,20.0,tempo,7,ambient_dry,1.0,True,farmers_v1,42,08efbdb5ab95
F_ONI_01_023,mh_nashik_pimpalgaon,Nashik,onion,20.4186,74.18116,33.81,50.0,truck,0,humid,1.0,True,farmers_v1,42,08efbdb5ab95
F_ONI_01_024,mh_nashik_pimpalgaon,Nashik,onion,20.55319,73.70444,51.4,100.0,truck,14,humid,0.9,True,farmers_v1,42,08efbdb5ab95
F_ONI_02_000,mh_pune_manjri,Pune,onion,18.79936,74.32072,47.84,20.0,tempo,7,humid,1.0,True,farmers_v1,42,08efbdb5ab95
F_ONI_02_001,mh_pune_manjri,Pune,onion,18.36256,73.78939,26.18,20.0,tempo,3,ambient_dry,1.0,True,farmers_v1,42,08efbdb5ab95
F_ONI_02_002,mh_pune_manjri,Pune,onion,18.40552,74.10561,17.79,20.0,tempo,7,ambient_dry,0.9,True,farmers_v1,42,08efbdb5ab95
F_ONI_02_003,mh_pune_manjri,Pune,onion,18.69571,73.9166,21.33,100.0,truck,7,ambient_dry,1.0,True,farmers_v1,42,08efbdb5ab95
F_ONI_02_004,mh_pune_manjri,Pune,onion,18.24594,73.57881,51.67,50.0,truck,7,ambient_dry,1.0,True,farmers_v1,42,08efbdb5ab95
F_ONI_02_005,mh_pune_manjri,Pune,onion,18.63395,74.39296,45.42,50.0,truck,21,ambient_dry,0.9,True,farmers_v1,42,08efbdb5ab95
F_ONI_02_006,mh_pune_manjri,Pune,onion,18.49939,73.88453,10.23,10.0,tempo,21,ambient_dry,0.8,True,farmers_v1,42,08efbdb5ab95
F_ONI_02_007,mh_pune_manjri,Pune,onion,18.14589,73.72187,49.05,50.0,truck,14,humid,1.0,True,farmers_v1,42,08efbdb5ab95
F_ONI_02_008,mh_pune_manjri,Pune,onion,18.79242,74.1807,37.45,50.0,truck,3,ambient_dry,0.9,True,farmers_v1,42,08efbdb5ab95
F_ONI_02_009,mh_pune_manjri,Pune,onion,18.24025,73.93936,30.63,50.0,truck,14,ambient_dry,0.9,True,farmers_v1,42,08efbdb5ab95
F_ONI_02_010,mh_pune_manjri,Pune,onion,18.88318,74.34557,56.22,10.0,tempo,0,humid,1.0,True,farmers_v1,42,08efbdb5ab95
F_ONI_02_011,mh_pune_manjri,Pune,onion,18.30978,73.58274,47.59,20.0,tempo,21,humid,1.0,True,farmers_v1,42,08efbdb5ab95
F_ONI_02_012,mh_pune_manjri,Pune,onion,18.42457,74.19918,25.03,10.0,tempo,3,humid,1.0,True,farmers_v1,42,08efbdb5ab95
F_ONI_02_013,mh_pune_manjri,Pune,onion,18.48349,73.73481,26.08,20.0,tempo,21,humid,1.0,True,farmers_v1,42,08efbdb5ab95
F_ONI_02_014,mh_pune_manjri,Pune,onion,18.74411,73.96012,25.7,50.0,truck,21,ambient_dry,0.8,True,farmers_v1,42,08efbdb5ab95
F_ONI_02_015,mh_pune_manjri,Pune,onion,18.77335,74.24433,40.04,20.0,tempo,14,ambient_dry,1.0,True,farmers_v1,42,08efbdb5ab95
F_ONI_02_016,mh_pune_manjri,Pune,onion,18.38575,74.44009,50.4,20.0,tempo,7,ambient_dry,0.8,True,farmers_v1,42,08efbdb5ab95
F_ONI_02_017,mh_pune_manjri,Pune,onion,18.84537,74.27241,47.97,100.0,truck,21,ambient_dry,0.9,True,farmers_v1,42,08efbdb5ab95
F_ONI_02_018,mh_pune_manjri,Pune,onion,18.61117,73.98002,10.85,50.0,truck,14,ambient_dry,0.8,True,farmers_v1,42,08efbdb5ab95
F_ONI_02_019,mh_pune_manjri,Pune,onion,18.51682,74.04315,6.59,10.0,tempo,14,ambient_dry,0.8,True,farmers_v1,42,08efbdb5ab95
F_ONI_02_020,mh_pune_manjri,Pune,onion,18.87411,74.06855,41.09,10.0,tempo,0,ambient_dry,0.9,True,farmers_v1,42,08efbdb5ab95
F_ONI_02_021,mh_pune_manjri,Pune,onion,18.60886,73.84095,18.12,10.0,tempo,14,humid,0.9,True,farmers_v1,42,08efbdb5ab95
F_ONI_02_022,mh_pune_manjri,Pune,onion,18.71868,73.62971,43.4,10.0,tempo,3,ambient_dry,1.0,True,farmers_v1,42,08efbdb5ab95
F_ONI_02_023,mh_pune_manjri,Pune,onion,18.22983,73.6621,45.99,100.0,truck,3,humid,1.0,True,farmers_v1,42,08efbdb5ab95
F_ONI_02_024,mh_pune_manjri,Pune,onion,18.46873,73.79758,19.89,100.0,truck,14,ambient_dry,0.9,True,farmers_v1,42,08efbdb5ab95
F_TOM_03_000,mh_nashik_nashik,Nashik,tomato,20.04679,73.74305,7.33,50.0,truck,3,ambient,1.0,True,farmers_v1,42,08efbdb5ab95
F_TOM_03_001,mh_nashik_nashik,Nashik,tomato,20.13242,73.77169,15.09,20.0,tempo,14,ambient,0.9,True,farmers_v1,42,08efbdb5ab95
F_TOM_03_002,mh_nashik_nashik,Nashik,tomato,20.19873,74.06634,36.48,100.0,truck,7,ambient,1.0,True,farmers_v1,42,08efbdb5ab95
F_TOM_03_003,mh_nashik_nashik,Nashik,tomato,19.76569,73.45369,43.49,100.0,truck,3,ambient,1.0,True,farmers_v1,42,08efbdb5ab95
F_TOM_03_004,mh_nashik_nashik,Nashik,tomato,19.75548,73.83197,27.22,10.0,tempo,3,ambient,1.0,True,farmers_v1,42,08efbdb5ab95
F_TOM_03_005,mh_nashik_nashik,Nashik,tomato,19.82125,73.8811,21.76,50.0,truck,14,ambient,1.0,True,farmers_v1,42,08efbdb5ab95
F_TOM_03_006,mh_nashik_nashik,Nashik,tomato,20.04751,74.04785,27.48,20.0,tempo,7,ambient,1.0,True,farmers_v1,42,08efbdb5ab95
F_TOM_03_007,mh_nashik_nashik,Nashik,tomato,19.74847,73.83326,28.01,10.0,tempo,7,ambient,1.0,True,farmers_v1,42,08efbdb5ab95
F_TOM_03_008,mh_nashik_nashik,Nashik,tomato,19.76249,73.45475,43.61,50.0,truck,7,ambient,0.9,True,farmers_v1,42,08efbdb5ab95
F_TOM_03_009,mh_nashik_nashik,Nashik,tomato,19.70935,73.93077,35.2,50.0,truck,7,ambient,1.0,True,farmers_v1,42,08efbdb5ab95
F_TOM_03_010,mh_nashik_nashik,Nashik,tomato,20.30748,73.50411,45.52,100.0,truck,7,ambient,1.0,True,farmers_v1,42,08efbdb5ab95
F_TOM_03_011,mh_nashik_nashik,Nashik,tomato,19.82361,74.22151,48.99,50.0,truck,7,ambient,1.0,True,farmers_v1,42,08efbdb5ab95
F_TOM_03_012,mh_nashik_nashik,Nashik,tomato,20.04162,73.71783,8.96,10.0,tempo,3,ambient,1.0,True,farmers_v1,42,08efbdb5ab95
F_TOM_03_013,mh_nashik_nashik,Nashik,tomato,19.9464,73.91789,14.51,50.0,truck,0,ambient,0.9,True,farmers_v1,42,08efbdb5ab95
F_TOM_03_014,mh_nashik_nashik,Nashik,tomato,19.6713,74.14908,52.11,10.0,tempo,14,ambient,1.0,True,farmers_v1,42,08efbdb5ab95
F_TOM_03_015,mh_nashik_nashik,Nashik,tomato,20.2157,73.72773,25.07,100.0,truck,14,ambient,1.0,True,farmers_v1,42,08efbdb5ab95
F_TOM_03_016,mh_nashik_nashik,Nashik,tomato,19.89082,73.39528,42.82,20.0,tempo,14,ambient,1.0,True,farmers_v1,42,08efbdb5ab95
F_TOM_03_017,mh_nashik_nashik,Nashik,tomato,19.85071,73.76497,16.5,10.0,tempo,3,ambient,0.9,True,farmers_v1,42,08efbdb5ab95
F_TOM_03_018,mh_nashik_nashik,Nashik,tomato,19.4951,73.59363,59.4,50.0,truck,21,ambient,1.0,True,farmers_v1,42,08efbdb5ab95
F_TOM_03_019,mh_nashik_nashik,Nashik,tomato,19.78893,73.96745,29.65,10.0,tempo,14,ambient,1.0,True,farmers_v1,42,08efbdb5ab95
F_TOM_03_020,mh_nashik_nashik,Nashik,tomato,20.15971,74.02952,30.81,10.0,tempo,21,ambient,1.0,True,farmers_v1,42,08efbdb5ab95
F_TOM_03_021,mh_nashik_nashik,Nashik,tomato,19.9556,73.95459,17.81,20.0,tempo,7,ambient,1.0,True,farmers_v1,42,08efbdb5ab95
F_TOM_03_022,mh_nashik_nashik,Nashik,tomato,20.00095,73.88202,9.63,50.0,truck,14,ambient,0.9,True,farmers_v1,42,08efbdb5ab95
F_TOM_03_023,mh_nashik_nashik,Nashik,tomato,20.02804,73.38979,41.86,10.0,tempo,7,ambient,1.0,True,farmers_v1,42,08efbdb5ab95
F_TOM_03_024,mh_nashik_nashik,Nashik,tomato,20.11651,73.60213,23.62,20.0,tempo,14,ambient,0.8,True,farmers_v1,42,08efbdb5ab95
F_TOM_04_000,mh_pune_pimpri,Pune,tomato,18.87667,73.63326,32.76,20.0,tempo,21,ambient,1.0,True,farmers_v1,42,08efbdb5ab95
F_TOM_04_001,mh_pune_pimpri,Pune,tomato,18.34137,73.74044,32.43,10.0,tempo,7,ambient,0.8,True,farmers_v1,42,08efbdb5ab95
F_TOM_04_002,mh_pune_pimpri,Pune,tomato,18.78522,74.13981,39.7,20.0,tempo,3,ambient,1.0,True,farmers_v1,42,08efbdb5ab95
F_TOM_04_003,mh_pune_pimpri,Pune,tomato,18.14979,73.97114,56.01,20.0,tempo,7,ambient,1.0,True,farmers_v1,42,08efbdb5ab95
F_TOM_04_004,mh_pune_pimpri,Pune,tomato,18.57473,73.61633,20.29,50.0,truck,21,ambient,0.9,True,farmers_v1,42,08efbdb5ab95
F_TOM_04_005,mh_pune_pimpri,Pune,tomato,18.64811,73.50445,31.26,100.0,truck,14,ambient,0.8,True,farmers_v1,42,08efbdb5ab95
F_TOM_04_006,mh_pune_pimpri,Pune,tomato,18.91759,73.46196,48.01,10.0,tempo,14,ambient,1.0,True,farmers_v1,42,08efbdb5ab95
F_TOM_04_007,mh_pune_pimpri,Pune,tomato,18.44705,73.52346,35.42,100.0,truck,21,ambient,1.0,True,farmers_v1,42,08efbdb5ab95
F_TOM_04_008,mh_pune_pimpri,Pune,tomato,18.62786,73.36969,45.36,20.0,tempo,3,ambient,1.0,True,farmers_v1,42,08efbdb5ab95
F_TOM_04_009,mh_pune_pimpri,Pune,tomato,18.19859,73.83026,47.75,100.0,truck,7,ambient,0.8,True,farmers_v1,42,08efbdb5ab95
F_TOM_04_010,mh_pune_pimpri,Pune,tomato,18.69538,73.54799,27.64,10.0,tempo,7,ambient,0.9,True,farmers_v1,42,08efbdb5ab95
F_TOM_04_011,mh_pune_pimpri,Pune,tomato,18.84953,73.32412,55.86,10.0,tempo,7,ambient,1.0,True,farmers_v1,42,08efbdb5ab95
F_TOM_04_012,mh_pune_pimpri,Pune,tomato,18.58304,73.70754,11.01,50.0,truck,14,ambient,0.8,True,farmers_v1,42,08efbdb5ab95
F_TOM_04_013,mh_pune_pimpri,Pune,tomato,18.75718,73.38872,45.67,10.0,tempo,3,ambient,0.9,True,farmers_v1,42,08efbdb5ab95
F_TOM_04_014,mh_pune_pimpri,Pune,tomato,19.09795,73.81493,52.2,20.0,tempo,14,ambient,1.0,True,farmers_v1,42,08efbdb5ab95
F_TOM_04_015,mh_pune_pimpri,Pune,tomato,18.82123,73.64395,27.07,50.0,truck,3,ambient,0.8,True,farmers_v1,42,08efbdb5ab95
F_TOM_04_016,mh_pune_pimpri,Pune,tomato,18.75941,73.61809,24.14,20.0,tempo,7,ambient,1.0,True,farmers_v1,42,08efbdb5ab95
F_TOM_04_017,mh_pune_pimpri,Pune,tomato,18.765,73.67584,20.12,10.0,tempo,0,ambient,1.0,True,farmers_v1,42,08efbdb5ab95
F_TOM_04_018,mh_pune_pimpri,Pune,tomato,18.76935,73.40535,44.47,100.0,truck,3,ambient,1.0,True,farmers_v1,42,08efbdb5ab95
F_TOM_04_019,mh_pune_pimpri,Pune,tomato,18.52732,73.74693,12.53,100.0,truck,14,ambient,1.0,True,farmers_v1,42,08efbdb5ab95
F_TOM_04_020,mh_pune_pimpri,Pune,tomato,18.83424,73.67267,26.58,20.0,tempo,3,ambient,1.0,True,farmers_v1,42,08efbdb5ab95
F_TOM_04_021,mh_pune_pimpri,Pune,tomato,18.65118,73.87982,8.69,10.0,tempo,7,ambient,0.9,True,farmers_v1,42,08efbdb5ab95
F_TOM_04_022,mh_pune_pimpri,Pune,tomato,18.43912,73.9098,23.88,100.0,truck,14,ambient,1.0,True,farmers_v1,42,08efbdb5ab95
F_TOM_04_023,mh_pune_pimpri,Pune,tomato,18.77631,73.68253,20.65,10.0,tempo,7,ambient,0.8,True,farmers_v1,42,08efbdb5ab95
F_TOM_04_024,mh_pune_pimpri,Pune,tomato,18.61307,73.47685,34.12,20.0,tempo,14,ambient,1.0,True,farmers_v1,42,08efbdb5ab95
F_TOM_05_000,mh_nagpur_nagpur,Nagpur,tomato,21.07337,79.24673,18.28,10.0,tempo,21,ambient,1.0,True,farmers_v1,42,08efbdb5ab95
F_TOM_05_001,mh_nagpur_nagpur,Nagpur,tomato,21.23007,78.75359,35.88,50.0,truck,7,ambient,1.0,True,farmers_v1,42,08efbdb5ab95
F_TOM_05_002,mh_nagpur_nagpur,Nagpur,tomato,20.90038,78.57498,59.71,50.0,truck,21,ambient,0.9,True,farmers_v1,42,08efbdb5ab95
F_TOM_05_003,mh_nagpur_nagpur,Nagpur,tomato,21.0193,79.03235,15.18,10.0,tempo,14,ambient,0.8,True,farmers_v1,42,08efbdb5ab95
F_TOM_05_004,mh_nagpur_nagpur,Nagpur,tomato,20.87283,79.2193,33.2,10.0,tempo,21,ambient,1.0,True,farmers_v1,42,08efbdb5ab95
F_TOM_05_005,mh_nagpur_nagpur,Nagpur,tomato,21.14742,79.1583,7.26,10.0,tempo,7,ambient,1.0,True,farmers_v1,42,08efbdb5ab95
F_TOM_05_006,mh_nagpur_nagpur,Nagpur,tomato,21.33556,79.15567,22.19,10.0,tempo,7,ambient,1.0,True,farmers_v1,42,08efbdb5ab95
F_TOM_05_007,mh_nagpur_nagpur,Nagpur,tomato,21.25011,79.49223,43.4,20.0,tempo,7,ambient,1.0,True,farmers_v1,42,08efbdb5ab95
F_TOM_05_008,mh_nagpur_nagpur,Nagpur,tomato,21.18076,79.12004,5.09,100.0,truck,0,ambient,1.0,True,farmers_v1,42,08efbdb5ab95
F_TOM_05_009,mh_nagpur_nagpur,Nagpur,tomato,21.00238,79.35547,31.92,20.0,tempo,14,ambient,0.9,True,farmers_v1,42,08efbdb5ab95
F_TOM_05_010,mh_nagpur_nagpur,Nagpur,tomato,21.06924,79.25579,19.32,10.0,tempo,7,ambient,0.9,True,farmers_v1,42,08efbdb5ab95
F_TOM_05_011,mh_nagpur_nagpur,Nagpur,tomato,21.06897,79.23641,17.55,100.0,truck,0,ambient,1.0,True,farmers_v1,42,08efbdb5ab95
F_TOM_05_012,mh_nagpur_nagpur,Nagpur,tomato,21.3786,79.43382,44.14,10.0,tempo,3,ambient,0.8,True,farmers_v1,42,08efbdb5ab95
F_TOM_05_013,mh_nagpur_nagpur,Nagpur,tomato,21.16456,79.13747,5.51,10.0,tempo,3,ambient,0.9,True,farmers_v1,42,08efbdb5ab95
F_TOM_05_014,mh_nagpur_nagpur,Nagpur,tomato,20.99636,79.01377,18.29,20.0,tempo,14,ambient,1.0,True,farmers_v1,42,08efbdb5ab95
F_TOM_05_015,mh_nagpur_nagpur,Nagpur,tomato,20.80296,78.74682,51.94,10.0,tempo,14,ambient,0.8,True,farmers_v1,42,08efbdb5ab95
F_TOM_05_016,mh_nagpur_nagpur,Nagpur,tomato,21.29505,78.99864,18.98,20.0,tempo,14,ambient,0.8,True,farmers_v1,42,08efbdb5ab95
F_TOM_05_017,mh_nagpur_nagpur,Nagpur,tomato,21.23245,78.86651,24.88,20.0,tempo,14,ambient,0.9,True,farmers_v1,42,08efbdb5ab95
F_TOM_05_018,mh_nagpur_nagpur,Nagpur,tomato,21.01523,79.17215,16.9,20.0,tempo,0,ambient,1.0,True,farmers_v1,42,08efbdb5ab95
F_TOM_05_019,mh_nagpur_nagpur,Nagpur,tomato,21.36098,79.11592,24.06,10.0,tempo,14,ambient,0.9,True,farmers_v1,42,08efbdb5ab95
F_TOM_05_020,mh_nagpur_nagpur,Nagpur,tomato,20.97748,79.49023,45.62,100.0,truck,7,ambient,1.0,True,farmers_v1,42,08efbdb5ab95
F_TOM_05_021,mh_nagpur_nagpur,Nagpur,tomato,21.10511,78.97143,12.9,10.0,tempo,7,ambient,0.8,True,farmers_v1,42,08efbdb5ab95
F_TOM_05_022,mh_nagpur_nagpur,Nagpur,tomato,21.19258,79.09344,5.22,100.0,truck,7,ambient,1.0,True,farmers_v1,42,08efbdb5ab95
F_TOM_05_023,mh_nagpur_nagpur,Nagpur,tomato,21.50354,78.72972,54.35,20.0,tempo,14,ambient,1.0,True,farmers_v1,42,08efbdb5ab95
F_TOM_05_024,mh_nagpur_nagpur,Nagpur,tomato,21.08773,79.04614,7.78,20.0,tempo,14,ambient,0.9,True,farmers_v1,42,08efbdb5ab95
F_TOM_06_000,mh_ahilyanagar_sangamner,Ahilyanagar,tomato,19.53264,74.17565,6.0,10.0,tempo,21,ambient,1.0,True,farmers_v1,42,08efbdb5ab95
F_TOM_06_001,mh_ahilyanagar_sangamner,Ahilyanagar,tomato,19.24901,74.08629,38.59,20.0,tempo,14,ambient,0.9,True,farmers_v1,42,08efbdb5ab95
F_TOM_06_002,mh_ahilyanagar_sangamner,Ahilyanagar,tomato,19.59444,73.86262,36.18,100.0,truck,7,ambient,1.0,True,farmers_v1,42,08efbdb5ab95
F_TOM_06_003,mh_ahilyanagar_sangamner,Ahilyanagar,tomato,19.59181,74.15599,5.69,20.0,tempo,7,ambient,1.0,True,farmers_v1,42,08efbdb5ab95
F_TOM_06_004,mh_ahilyanagar_sangamner,Ahilyanagar,tomato,19.19328,74.52414,53.93,50.0,truck,3,ambient,0.8,True,farmers_v1,42,08efbdb5ab95
F_TOM_06_005,mh_ahilyanagar_sangamner,Ahilyanagar,tomato,19.61881,74.34269,14.81,100.0,truck,21,ambient,1.0,True,farmers_v1,42,08efbdb5ab95
F_TOM_06_006,mh_ahilyanagar_sangamner,Ahilyanagar,tomato,19.54844,73.91481,30.84,100.0,truck,7,ambient,1.0,True,farmers_v1,42,08efbdb5ab95
F_TOM_06_007,mh_ahilyanagar_sangamner,Ahilyanagar,tomato,19.52842,73.7733,45.79,50.0,truck,7,ambient,1.0,True,farmers_v1,42,08efbdb5ab95
F_TOM_06_008,mh_ahilyanagar_sangamner,Ahilyanagar,tomato,19.90453,73.81688,54.72,50.0,truck,0,ambient,1.0,True,farmers_v1,42,08efbdb5ab95
F_TOM_06_009,mh_ahilyanagar_sangamner,Ahilyanagar,tomato,19.98633,74.27168,45.9,100.0,truck,7,ambient,0.9,True,farmers_v1,42,08efbdb5ab95
F_TOM_06_010,mh_ahilyanagar_sangamner,Ahilyanagar,tomato,19.1948,74.52443,53.82,20.0,tempo,14,ambient,1.0,True,farmers_v1,42,08efbdb5ab95
F_TOM_06_011,mh_ahilyanagar_sangamner,Ahilyanagar,tomato,19.37838,74.05116,27.5,100.0,truck,7,ambient,1.0,True,farmers_v1,42,08efbdb5ab95
F_TOM_06_012,mh_ahilyanagar_sangamner,Ahilyanagar,tomato,19.39472,74.36007,25.75,10.0,tempo,3,ambient,0.9,True,farmers_v1,42,08efbdb5ab95
F_TOM_06_013,mh_ahilyanagar_sangamner,Ahilyanagar,tomato,19.78195,74.14481,23.67,10.0,tempo,0,ambient,0.9,True,farmers_v1,42,08efbdb5ab95
F_TOM_06_014,mh_ahilyanagar_sangamner,Ahilyanagar,tomato,19.49257,74.71129,53.46,10.0,tempo,3,ambient,1.0,True,farmers_v1,42,08efbdb5ab95
F_TOM_06_015,mh_ahilyanagar_sangamner,Ahilyanagar,tomato,19.56077,74.50173,30.76,10.0,tempo,7,ambient,0.8,True,farmers_v1,42,08efbdb5ab95
F_TOM_06_016,mh_ahilyanagar_sangamner,Ahilyanagar,tomato,19.20898,74.21914,40.89,10.0,tempo,3,ambient,1.0,True,farmers_v1,42,08efbdb5ab95
F_TOM_06_017,mh_ahilyanagar_sangamner,Ahilyanagar,tomato,19.88022,73.89333,47.06,100.0,truck,21,ambient,0.8,True,farmers_v1,42,08efbdb5ab95
F_TOM_06_018,mh_ahilyanagar_sangamner,Ahilyanagar,tomato,20.04267,74.44752,57.41,10.0,tempo,7,ambient,1.0,True,farmers_v1,42,08efbdb5ab95
F_TOM_06_019,mh_ahilyanagar_sangamner,Ahilyanagar,tomato,19.62991,74.12666,10.33,50.0,truck,7,ambient,1.0,True,farmers_v1,42,08efbdb5ab95
F_TOM_06_020,mh_ahilyanagar_sangamner,Ahilyanagar,tomato,19.66829,74.36111,18.93,100.0,truck,7,ambient,0.9,True,farmers_v1,42,08efbdb5ab95
F_TOM_06_021,mh_ahilyanagar_sangamner,Ahilyanagar,tomato,19.44486,74.35534,21.28,20.0,tempo,14,ambient,0.9,True,farmers_v1,42,08efbdb5ab95
F_TOM_06_022,mh_ahilyanagar_sangamner,Ahilyanagar,tomato,19.71488,74.15187,16.37,10.0,tempo,21,ambient,1.0,True,farmers_v1,42,08efbdb5ab95
F_TOM_06_023,mh_ahilyanagar_sangamner,Ahilyanagar,tomato,19.67754,74.05448,19.55,10.0,tempo,7,ambient,1.0,True,farmers_v1,42,08efbdb5ab95
F_TOM_06_024,mh_ahilyanagar_sangamner,Ahilyanagar,tomato,19.53602,74.0368,18.49,100.0,truck,21,ambient,1.0,True,farmers_v1,42,08efbdb5ab95
F_SOY_07_000,mh_nashik_lasalgaon_niphad,Nashik,soybean,20.15028,74.55364,34.2,10.0,tempo,3,moist,0.9,True,farmers_v1,42,08efbdb5ab95
F_SOY_07_001,mh_nashik_lasalgaon_niphad,Nashik,soybean,19.71962,74.17475,47.75,20.0,tempo,7,dry,1.0,True,farmers_v1,42,08efbdb5ab95
F_SOY_07_002,mh_nashik_lasalgaon_niphad,Nashik,soybean,20.22489,74.30895,12.25,100.0,truck,7,moist,1.0,True,farmers_v1,42,08efbdb5ab95
F_SOY_07_003,mh_nashik_lasalgaon_niphad,Nashik,soybean,20.23115,74.55415,35.49,20.0,tempo,0,dry,0.9,True,farmers_v1,42,08efbdb5ab95
F_SOY_07_004,mh_nashik_lasalgaon_niphad,Nashik,soybean,19.98822,74.08872,22.68,20.0,tempo,7,dry,1.0,True,farmers_v1,42,08efbdb5ab95
F_SOY_07_005,mh_nashik_lasalgaon_niphad,Nashik,soybean,20.36979,73.70742,59.37,50.0,truck,7,dry,0.9,True,farmers_v1,42,08efbdb5ab95
F_SOY_07_006,mh_nashik_lasalgaon_niphad,Nashik,soybean,20.35087,74.29615,23.78,20.0,tempo,14,dry,0.95,True,farmers_v1,42,08efbdb5ab95
F_SOY_07_007,mh_nashik_lasalgaon_niphad,Nashik,soybean,20.25098,74.67908,48.65,100.0,truck,7,dry,1.0,True,farmers_v1,42,08efbdb5ab95
F_SOY_07_008,mh_nashik_lasalgaon_niphad,Nashik,soybean,20.04356,74.78702,59.64,10.0,tempo,7,dry,1.0,True,farmers_v1,42,08efbdb5ab95
F_SOY_07_009,mh_nashik_lasalgaon_niphad,Nashik,soybean,19.86694,74.46335,39.78,100.0,truck,7,dry,1.0,True,farmers_v1,42,08efbdb5ab95
F_SOY_07_010,mh_nashik_lasalgaon_niphad,Nashik,soybean,19.84579,73.99318,41.3,20.0,tempo,21,dry,1.0,True,farmers_v1,42,08efbdb5ab95
F_SOY_07_011,mh_nashik_lasalgaon_niphad,Nashik,soybean,20.36337,73.89126,42.3,10.0,tempo,7,moist,0.95,True,farmers_v1,42,08efbdb5ab95
F_SOY_07_012,mh_nashik_lasalgaon_niphad,Nashik,soybean,19.62114,74.11344,59.55,50.0,truck,7,moist,1.0,True,farmers_v1,42,08efbdb5ab95
F_SOY_07_013,mh_nashik_lasalgaon_niphad,Nashik,soybean,19.81001,74.47577,45.62,20.0,tempo,14,dry,0.9,True,farmers_v1,42,08efbdb5ab95
F_SOY_07_014,mh_nashik_lasalgaon_niphad,Nashik,soybean,19.99487,74.01059,28.06,20.0,tempo,7,dry,1.0,True,farmers_v1,42,08efbdb5ab95
F_SOY_07_015,mh_nashik_lasalgaon_niphad,Nashik,soybean,20.10236,74.14177,10.04,50.0,truck,14,dry,1.0,True,farmers_v1,42,08efbdb5ab95
F_SOY_07_016,mh_nashik_lasalgaon_niphad,Nashik,soybean,20.17237,74.07549,15.88,100.0,truck,3,dry,1.0,True,farmers_v1,42,08efbdb5ab95
F_SOY_07_017,mh_nashik_lasalgaon_niphad,Nashik,soybean,20.26399,74.37332,20.13,20.0,tempo,14,moist,1.0,True,farmers_v1,42,08efbdb5ab95
F_SOY_07_018,mh_nashik_lasalgaon_niphad,Nashik,soybean,20.05289,73.90688,34.81,100.0,truck,14,dry,0.95,True,farmers_v1,42,08efbdb5ab95
F_SOY_07_019,mh_nashik_lasalgaon_niphad,Nashik,soybean,20.34876,74.19305,22.63,20.0,tempo,14,dry,1.0,True,farmers_v1,42,08efbdb5ab95
F_SOY_07_020,mh_nashik_lasalgaon_niphad,Nashik,soybean,19.77882,73.89995,53.13,20.0,tempo,21,moist,1.0,True,farmers_v1,42,08efbdb5ab95
F_SOY_07_021,mh_nashik_lasalgaon_niphad,Nashik,soybean,19.83298,74.24693,34.95,50.0,truck,7,dry,0.9,True,farmers_v1,42,08efbdb5ab95
F_SOY_07_022,mh_nashik_lasalgaon_niphad,Nashik,soybean,20.42543,73.77937,55.81,100.0,truck,14,moist,0.95,True,farmers_v1,42,08efbdb5ab95
F_SOY_07_023,mh_nashik_lasalgaon_niphad,Nashik,soybean,19.87455,74.30701,31.43,10.0,tempo,14,dry,1.0,True,farmers_v1,42,08efbdb5ab95
F_SOY_07_024,mh_nashik_lasalgaon_niphad,Nashik,soybean,19.86404,74.41696,37.23,10.0,tempo,14,moist,1.0,True,farmers_v1,42,08efbdb5ab95
F_SOY_08_000,mp_indore_indore,Indore,soybean,22.69448,75.90301,5.41,50.0,truck,14,dry,0.95,True,farmers_v1,42,08efbdb5ab95
F_SOY_08_001,mp_indore_indore,Indore,soybean,22.64069,75.92841,11.36,100.0,truck,3,dry,1.0,True,farmers_v1,42,08efbdb5ab95
F_SOY_08_002,mp_indore_indore,Indore,soybean,23.04086,75.7015,39.08,100.0,truck,0,dry,0.95,True,farmers_v1,42,08efbdb5ab95
F_SOY_08_003,mp_indore_indore,Indore,soybean,22.85386,75.72913,19.88,50.0,truck,3,moist,1.0,True,farmers_v1,42,08efbdb5ab95
F_SOY_08_004,mp_indore_indore,Indore,soybean,22.47829,75.76871,28.29,20.0,tempo,14,dry,0.85,True,farmers_v1,42,08efbdb5ab95
F_SOY_08_005,mp_indore_indore,Indore,soybean,22.18223,75.79724,59.97,10.0,tempo,14,moist,1.0,True,farmers_v1,42,08efbdb5ab95
F_SOY_08_006,mp_indore_indore,Indore,soybean,22.47602,75.99272,30.37,10.0,tempo,14,dry,0.95,True,farmers_v1,42,08efbdb5ab95
F_SOY_08_007,mp_indore_indore,Indore,soybean,22.91753,75.41071,50.77,20.0,tempo,7,dry,0.9,True,farmers_v1,42,08efbdb5ab95
F_SOY_08_008,mp_indore_indore,Indore,soybean,22.94532,75.66299,32.02,10.0,tempo,21,dry,1.0,True,farmers_v1,42,08efbdb5ab95
F_SOY_08_009,mp_indore_indore,Indore,soybean,23.00172,75.99584,34.36,10.0,tempo,0,dry,0.95,True,farmers_v1,42,08efbdb5ab95
F_SOY_08_010,mp_indore_indore,Indore,soybean,22.6837,75.80249,6.92,50.0,truck,3,dry,0.9,True,farmers_v1,42,08efbdb5ab95
F_SOY_08_011,mp_indore_indore,Indore,soybean,22.28019,75.73876,50.27,50.0,truck,0,dry,0.95,True,farmers_v1,42,08efbdb5ab95
F_SOY_08_012,mp_indore_indore,Indore,soybean,22.72213,75.67059,19.16,20.0,tempo,14,dry,1.0,True,farmers_v1,42,08efbdb5ab95
F_SOY_08_013,mp_indore_indore,Indore,soybean,22.75933,76.01861,17.06,50.0,truck,3,dry,1.0,True,farmers_v1,42,08efbdb5ab95
F_SOY_08_014,mp_indore_indore,Indore,soybean,22.77809,75.7295,14.64,20.0,tempo,21,dry,0.95,True,farmers_v1,42,08efbdb5ab95
F_SOY_08_015,mp_indore_indore,Indore,soybean,22.51048,76.03835,29.68,100.0,truck,21,moist,1.0,True,farmers_v1,42,08efbdb5ab95
F_SOY_08_016,mp_indore_indore,Indore,soybean,22.63365,75.71858,17.14,20.0,tempo,14,dry,0.95,True,farmers_v1,42,08efbdb5ab95
F_SOY_08_017,mp_indore_indore,Indore,soybean,22.60778,75.3789,50.57,10.0,tempo,0,dry,1.0,True,farmers_v1,42,08efbdb5ab95
F_SOY_08_018,mp_indore_indore,Indore,soybean,22.56787,75.94995,19.31,50.0,truck,14,dry,1.0,True,farmers_v1,42,08efbdb5ab95
F_SOY_08_019,mp_indore_indore,Indore,soybean,22.54212,75.83103,19.89,20.0,tempo,7,dry,1.0,True,farmers_v1,42,08efbdb5ab95
F_SOY_08_020,mp_indore_indore,Indore,soybean,22.7303,75.90573,5.06,100.0,truck,14,dry,0.9,True,farmers_v1,42,08efbdb5ab95
F_SOY_08_021,mp_indore_indore,Indore,soybean,22.44482,75.90279,30.85,100.0,truck,0,dry,0.95,True,farmers_v1,42,08efbdb5ab95
F_SOY_08_022,mp_indore_indore,Indore,soybean,22.6588,75.71869,15.75,10.0,tempo,0,dry,1.0,True,farmers_v1,42,08efbdb5ab95
F_SOY_08_023,mp_indore_indore,Indore,soybean,22.8073,75.96512,14.69,100.0,truck,7,dry,1.0,True,farmers_v1,42,08efbdb5ab95
F_SOY_08_024,mp_indore_indore,Indore,soybean,22.69896,76.09746,24.66,50.0,truck,3,moist,0.9,True,farmers_v1,42,08efbdb5ab95
F_SOY_09_000,mp_ujjain_ujjain,Ujjain,soybean,23.2503,75.85273,10.49,10.0,tempo,14,dry,0.9,True,farmers_v1,42,08efbdb5ab95
F_SOY_09_001,mp_ujjain_ujjain,Ujjain,soybean,23.35435,75.37608,46.48,20.0,tempo,21,dry,1.0,True,farmers_v1,42,08efbdb5ab95
F_SOY_09_002,mp_ujjain_ujjain,Ujjain,soybean,23.37145,75.7176,22.82,20.0,tempo,14,dry,0.85,True,farmers_v1,42,08efbdb5ab95
F_SOY_09_003,mp_ujjain_ujjain,Ujjain,soybean,22.88461,75.80113,32.43,100.0,truck,7,dry,0.95,True,farmers_v1,42,08efbdb5ab95
F_SOY_09_004,mp_ujjain_ujjain,Ujjain,soybean,23.12964,75.89494,12.04,10.0,tempo,3,moist,0.95,True,farmers_v1,42,08efbdb5ab95
F_SOY_09_005,mp_ujjain_ujjain,Ujjain,soybean,22.98942,75.92005,24.73,20.0,tempo,14,moist,0.9,True,farmers_v1,42,08efbdb5ab95
F_SOY_09_006,mp_ujjain_ujjain,Ujjain,soybean,23.06232,76.01693,26.53,20.0,tempo,7,dry,0.95,True,farmers_v1,42,08efbdb5ab95
F_SOY_09_007,mp_ujjain_ujjain,Ujjain,soybean,23.03906,76.10255,35.49,20.0,tempo,7,dry,1.0,True,farmers_v1,42,08efbdb5ab95
F_SOY_09_008,mp_ujjain_ujjain,Ujjain,soybean,22.86718,76.07009,44.77,10.0,tempo,7,moist,1.0,True,farmers_v1,42,08efbdb5ab95
F_SOY_09_009,mp_ujjain_ujjain,Ujjain,soybean,23.58485,75.5709,50.47,20.0,tempo,14,dry,0.9,True,farmers_v1,42,08efbdb5ab95
F_SOY_09_010,mp_ujjain_ujjain,Ujjain,soybean,23.38916,75.66861,26.59,20.0,tempo,0,dry,0.95,True,farmers_v1,42,08efbdb5ab95
F_SOY_09_011,mp_ujjain_ujjain,Ujjain,soybean,23.49585,75.84696,35.95,50.0,truck,21,dry,1.0,True,farmers_v1,42,08efbdb5ab95
F_SOY_09_012,mp_ujjain_ujjain,Ujjain,soybean,23.1874,75.73792,5.3,20.0,tempo,21,dry,0.95,True,farmers_v1,42,08efbdb5ab95
F_SOY_09_013,mp_ujjain_ujjain,Ujjain,soybean,23.27185,75.95329,19.87,50.0,truck,7,dry,0.85,True,farmers_v1,42,08efbdb5ab95
F_SOY_09_014,mp_ujjain_ujjain,Ujjain,soybean,23.4984,75.34081,58.0,10.0,tempo,7,moist,1.0,True,farmers_v1,42,08efbdb5ab95
F_SOY_09_015,mp_ujjain_ujjain,Ujjain,soybean,23.21206,75.6925,10.56,20.0,tempo,7,moist,0.95,True,farmers_v1,42,08efbdb5ab95
F_SOY_09_016,mp_ujjain_ujjain,Ujjain,soybean,23.00153,75.99122,28.37,20.0,tempo,3,moist,0.9,True,farmers_v1,42,08efbdb5ab95
F_SOY_09_017,mp_ujjain_ujjain,Ujjain,soybean,23.11483,75.97934,20.64,100.0,truck,0,dry,1.0,True,farmers_v1,42,08efbdb5ab95
F_SOY_09_018,mp_ujjain_ujjain,Ujjain,soybean,23.37685,76.14867,42.96,50.0,truck,7,dry,1.0,True,farmers_v1,42,08efbdb5ab95
F_SOY_09_019,mp_ujjain_ujjain,Ujjain,soybean,22.90534,75.74699,30.39,10.0,tempo,3,dry,1.0,True,farmers_v1,42,08efbdb5ab95
F_SOY_09_020,mp_ujjain_ujjain,Ujjain,soybean,23.26447,75.75562,10.32,20.0,tempo,14,moist,1.0,True,farmers_v1,42,08efbdb5ab95
F_SOY_09_021,mp_ujjain_ujjain,Ujjain,soybean,23.43074,75.49917,40.84,50.0,truck,7,dry,1.0,True,farmers_v1,42,08efbdb5ab95
F_SOY_09_022,mp_ujjain_ujjain,Ujjain,soybean,23.48618,75.77483,34.4,100.0,truck,0,dry,1.0,True,farmers_v1,42,08efbdb5ab95
F_SOY_09_023,mp_ujjain_ujjain,Ujjain,soybean,23.64932,75.93833,54.66,100.0,truck,14,dry,1.0,True,farmers_v1,42,08efbdb5ab95
F_SOY_09_024,mp_ujjain_ujjain,Ujjain,soybean,23.43248,76.20246,50.91,20.0,tempo,21,dry,1.0,True,farmers_v1,42,08efbdb5ab95
F_SOY_10_000,mh_parbhani_parbhani,Parbhani,soybean,19.50574,76.88345,29.48,100.0,truck,7,dry,1.0,True,farmers_v1,42,08efbdb5ab95
F_SOY_10_001,mh_parbhani_parbhani,Parbhani,soybean,19.69458,77.08407,58.04,100.0,truck,14,moist,0.85,True,farmers_v1,42,08efbdb5ab95
F_SOY_10_002,mh_parbhani_parbhani,Parbhani,soybean,19.69418,76.60423,51.32,10.0,tempo,14,dry,0.95,True,farmers_v1,42,08efbdb5ab95
F_SOY_10_003,mh_parbhani_parbhani,Parbhani,soybean,19.74358,76.68324,54.44,50.0,truck,7,dry,1.0,True,farmers_v1,42,08efbdb5ab95
F_SOY_10_004,mh_parbhani_parbhani,Parbhani,soybean,19.08669,76.92446,24.89,10.0,tempo,0,moist,1.0,True,farmers_v1,42,08efbdb5ab95
F_SOY_10_005,mh_parbhani_parbhani,Parbhani,soybean,18.87531,76.42728,56.19,10.0,tempo,3,dry,0.85,True,farmers_v1,42,08efbdb5ab95
F_SOY_10_006,mh_parbhani_parbhani,Parbhani,soybean,19.10814,76.75874,17.03,100.0,truck,21,dry,1.0,True,farmers_v1,42,08efbdb5ab95
F_SOY_10_007,mh_parbhani_parbhani,Parbhani,soybean,19.37249,76.82453,13.45,10.0,tempo,7,moist,0.95,True,farmers_v1,42,08efbdb5ab95
F_SOY_10_008,mh_parbhani_parbhani,Parbhani,soybean,19.3666,77.134,39.43,50.0,truck,14,moist,0.9,True,farmers_v1,42,08efbdb5ab95
F_SOY_10_009,mh_parbhani_parbhani,Parbhani,soybean,19.44396,76.89892,24.13,10.0,tempo,7,moist,1.0,True,farmers_v1,42,08efbdb5ab95
F_SOY_10_010,mh_parbhani_parbhani,Parbhani,soybean,18.84757,76.66101,47.39,10.0,tempo,7,dry,0.95,True,farmers_v1,42,08efbdb5ab95
F_SOY_10_011,mh_parbhani_parbhani,Parbhani,soybean,19.29564,77.04823,28.91,50.0,truck,3,moist,1.0,True,farmers_v1,42,08efbdb5ab95
F_SOY_10_012,mh_parbhani_parbhani,Parbhani,soybean,19.16259,76.77634,10.9,20.0,tempo,7,dry,0.85,True,farmers_v1,42,08efbdb5ab95
F_SOY_10_013,mh_parbhani_parbhani,Parbhani,soybean,18.97755,76.81664,31.75,20.0,tempo,0,dry,1.0,True,farmers_v1,42,08efbdb5ab95
F_SOY_10_014,mh_parbhani_parbhani,Parbhani,soybean,19.60352,76.89486,40.07,100.0,truck,7,moist,1.0,True,farmers_v1,42,08efbdb5ab95
F_SOY_10_015,mh_parbhani_parbhani,Parbhani,soybean,19.29365,76.70345,8.32,50.0,truck,14,dry,0.95,True,farmers_v1,42,08efbdb5ab95
F_SOY_10_016,mh_parbhani_parbhani,Parbhani,soybean,18.94184,76.41014,52.09,20.0,tempo,14,dry,0.85,True,farmers_v1,42,08efbdb5ab95
F_SOY_10_017,mh_parbhani_parbhani,Parbhani,soybean,19.05686,76.88474,25.4,50.0,truck,7,dry,1.0,True,farmers_v1,42,08efbdb5ab95
F_SOY_10_018,mh_parbhani_parbhani,Parbhani,soybean,19.25623,76.61405,16.85,10.0,tempo,3,dry,0.95,True,farmers_v1,42,08efbdb5ab95
F_SOY_10_019,mh_parbhani_parbhani,Parbhani,soybean,19.19173,77.28691,54.21,10.0,tempo,21,dry,1.0,True,farmers_v1,42,08efbdb5ab95
F_SOY_10_020,mh_parbhani_parbhani,Parbhani,soybean,19.07462,76.73796,21.02,100.0,truck,14,dry,1.0,True,farmers_v1,42,08efbdb5ab95
F_SOY_10_021,mh_parbhani_parbhani,Parbhani,soybean,19.04057,76.80665,24.67,10.0,tempo,3,dry,1.0,True,farmers_v1,42,08efbdb5ab95
F_SOY_10_022,mh_parbhani_parbhani,Parbhani,soybean,19.17222,76.45162,35.26,10.0,tempo,7,moist,0.95,True,farmers_v1,42,08efbdb5ab95
F_SOY_10_023,mh_parbhani_parbhani,Parbhani,soybean,18.83542,76.92674,49.83,50.0,truck,3,dry,1.0,True,farmers_v1,42,08efbdb5ab95
F_SOY_10_024,mh_parbhani_parbhani,Parbhani,soybean,19.04535,76.95868,30.71,10.0,tempo,14,dry,1.0,True,farmers_v1,42,08efbdb5ab95
F_SOY_11_000,mh_latur_latur,Latur,soybean,18.30692,76.60384,12.2,20.0,tempo,7,dry,0.95,True,farmers_v1,42,08efbdb5ab95
F_SOY_11_001,mh_latur_latur,Latur,soybean,17.90299,76.56733,56.15,50.0,truck,21,moist,0.95,True,farmers_v1,42,08efbdb5ab95
F_SOY_11_002,mh_latur_latur,Latur,soybean,18.81679,76.28221,53.94,50.0,truck,7,dry,1.0,True,farmers_v1,42,08efbdb5ab95
F_SOY_11_003,mh_latur_latur,Latur,soybean,18.12748,76.571,31.25,20.0,tempo,7,dry,0.9,True,farmers_v1,42,08efbdb5ab95
F_SOY_11_004,mh_latur_latur,Latur,soybean,18.42416,76.66335,10.98,50.0,truck,14,moist,0.9,True,farmers_v1,42,08efbdb5ab95
F_SOY_11_005,mh_latur_latur,Latur,soybean,18.21762,77.0313,53.94,20.0,tempo,3,dry,0.9,True,farmers_v1,42,08efbdb5ab95
F_SOY_11_006,mh_latur_latur,Latur,soybean,18.20668,76.48067,23.96,20.0,tempo,3,dry,1.0,True,farmers_v1,42,08efbdb5ab95
F_SOY_11_007,mh_latur_latur,Latur,soybean,17.98641,76.87169,57.21,50.0,truck,14,dry,1.0,True,farmers_v1,42,08efbdb5ab95
F_SOY_11_008,mh_latur_latur,Latur,soybean,18.3675,77.0299,49.66,100.0,truck,3,dry,0.9,True,farmers_v1,42,08efbdb5ab95
F_SOY_11_009,mh_latur_latur,Latur,soybean,18.38231,76.72843,17.94,100.0,truck,3,dry,1.0,True,farmers_v1,42,08efbdb5ab95
F_SOY_11_010,mh_latur_latur,Latur,soybean,18.4363,76.38314,18.92,50.0,truck,7,moist,1.0,True,farmers_v1,42,08efbdb5ab95
F_SOY_11_011,mh_latur_latur,Latur,soybean,18.36626,76.5389,5.24,100.0,truck,0,dry,0.95,True,farmers_v1,42,08efbdb5ab95
F_SOY_11_012,mh_latur_latur,Latur,soybean,18.78711,76.81008,49.55,20.0,tempo,14,dry,1.0,True,farmers_v1,42,08efbdb5ab95
F_SOY_11_013,mh_latur_latur,Latur,soybean,18.28896,76.6405,15.75,20.0,tempo,21,dry,0.95,True,farmers_v1,42,08efbdb5ab95
F_SOY_11_014,mh_latur_latur,Latur,soybean,17.95625,76.85539,59.06,20.0,tempo,21,dry,0.95,True,farmers_v1,42,08efbdb5ab95
F_SOY_11_015,mh_latur_latur,Latur,soybean,18.75111,76.81493,46.5,20.0,tempo,3,dry,1.0,True,farmers_v1,42,08efbdb5ab95
F_SOY_11_016,mh_latur_latur,Latur,soybean,18.46258,76.37004,20.92,100.0,truck,14,dry,1.0,True,farmers_v1,42,08efbdb5ab95
F_SOY_11_017,mh_latur_latur,Latur,soybean,18.52203,76.69582,19.01,100.0,truck,7,dry,0.9,True,farmers_v1,42,08efbdb5ab95
F_SOY_11_018,mh_latur_latur,Latur,soybean,18.64576,76.61642,26.96,10.0,tempo,14,moist,1.0,True,farmers_v1,42,08efbdb5ab95
F_SOY_11_019,mh_latur_latur,Latur,soybean,18.70499,76.13635,55.46,50.0,truck,3,dry,0.9,True,farmers_v1,42,08efbdb5ab95
F_SOY_11_020,mh_latur_latur,Latur,soybean,18.2646,76.41961,21.82,50.0,truck,3,moist,0.9,True,farmers_v1,42,08efbdb5ab95
F_SOY_11_021,mh_latur_latur,Latur,soybean,18.03022,76.71484,45.06,100.0,truck,7,dry,0.9,True,farmers_v1,42,08efbdb5ab95
F_SOY_11_022,mh_latur_latur,Latur,soybean,18.3107,76.98685,46.21,10.0,tempo,3,dry,0.95,True,farmers_v1,42,08efbdb5ab95
F_SOY_11_023,mh_latur_latur,Latur,soybean,18.14496,76.77581,37.05,50.0,truck,21,dry,0.95,True,farmers_v1,42,08efbdb5ab95
F_SOY_11_024,mh_latur_latur,Latur,soybean,18.03183,76.50235,42.29,10.0,tempo,14,moist,0.95,True,farmers_v1,42,08efbdb5ab95
