date,market,crop,modal_price,delta,trader_offer_proxy,is_synthetic,generator,seed,config_hash
2024-08-15,Lasalgaon,onion,2034.9,0.0303,1973.14,True,offers_v1,42,08efbdb5ab95
2024-08-21,Lasalgaon,onion,2118.75,0.0,2118.75,True,offers_v1,42,08efbdb5ab95
2024-08-27,Lasalgaon,onion,2136.96,0.0676,1992.4,True,offers_v1,42,08efbdb5ab95
2024-09-02,Lasalgaon,onion,2340.83,0.091,2127.88,True,offers_v1,42,08efbdb5ab95
2024-09-07,Lasalgaon,onion,2193.64,0.0972,1980.32,True,offers_v1,42,08efbdb5ab95
2024-09-13,Lasalgaon,onion,2045.56,0.0855,1870.73,True,offers_v1,42,08efbdb5ab95
2024-09-19,Lasalgaon,onion,2149.95,0.03,2085.35,True,offers_v1,42,08efbdb5ab95
2024-09-25,Lasalgaon,onion,1929.41,0.0451,1842.31,True,offers_v1,42,08efbdb5ab95
2024-10-01,Lasalgaon,onion,2077.23,0.0,2077.23,True,offers_v1,42,08efbdb5ab95
2024-10-07,Lasalgaon,onion,2040.0,0.0616,1914.36,True,offers_v1,42,08efbdb5ab95
2024-10-12,Lasalgaon,onion,2022.9,0.0711,1879.16,True,offers_v1,42,08efbdb5ab95
2024-10-18,Lasalgaon,onion,1902.47,0.1207,1672.9,True,offers_v1,42,08efbdb5ab95
2024-10-24,Lasalgaon,onion,1878.49,0.05,1784.57,True,offers_v1,42,08efbdb5ab95
2024-10-30,Lasalgaon,onion,1889.61,0.1328,1638.58,True,offers_v1,42,08efbdb5ab95
2024-11-05,Lasalgaon,onion,1973.61,0.0704,1834.63,True,offers_v1,42,08efbdb5ab95
2024-11-11,Lasalgaon,onion,1557.51,0.028,1513.88,True,offers_v1,42,08efbdb5ab95
2024-11-16,Lasalgaon,onion,1484.29,0.0407,1423.81,True,offers_v1,42,08efbdb5ab95
2024-11-22,Lasalgaon,onion,1300.64,0.1093,1158.45,True,offers_v1,42,08efbdb5ab95
2024-11-28,Lasalgaon,onion,1269.36,0.0602,1192.96,True,offers_v1,42,08efbdb5ab95
2024-12-04,Lasalgaon,onion,1349.45,0.058,1271.18,True,offers_v1,42,08efbdb5ab95
2024-12-10,Lasalgaon,onion,1442.17,0.0525,1366.53,True,offers_v1,42,08efbdb5ab95
2024-12-16,Lasalgaon,onion,1138.56,0.1564,960.44,True,offers_v1,42,08efbdb5ab95
2024-12-21,Lasalgaon,onion,1182.83,0.0574,1114.93,True,offers_v1,42,08efbdb5ab95
2024-12-27,Lasalgaon,onion,1100.18,0.0589,1035.35,True,offers_v1,42,08efbdb5ab95
2025-01-02,Lasalgaon,onion,1014.06,0.0757,937.31,True,offers_v1,42,08efbdb5ab95
2025-01-08,Lasalgaon,onion,1139.49,0.07,1059.78,True,offers_v1,42,08efbdb5ab95
2025-01-14,Lasalgaon,onion,1030.19,0.0671,961.08,True,offers_v1,42,08efbdb5ab95
2025-01-20,Lasalgaon,onion,1188.56,0.0,1188.56,True,offers_v1,42,08efbdb5ab95
2025-01-25,Lasalgaon,onion,1164.21,0.0,1164.21,True,offers_v1,42,08efbdb5ab95
2025-01-31,Lasalgaon,onion,1166.26,0.1525,988.38,True,offers_v1,42,08efbdb5ab95
2025-02-06,Lasalgaon,onion,1345.65,0.0487,1280.07,True,offers_v1,42,08efbdb5ab95
2025-02-12,Lasalgaon,onion,1137.69,0.0,1137.69,True,offers_v1,42,08efbdb5ab95
2025-02-18,Lasalgaon,onion,1253.85,0.0496,1191.67,True,offers_v1,42,08efbdb5ab95
2025-02-24,Lasalgaon,onion,1312.64,0.0597,1234.3,True,offers_v1,42,08efbdb5ab95
2025-03-01,Lasalgaon,onion,1277.41,0.0336,1234.5,True,offers_v1,42,08efbdb5ab95
2025-03-07,Lasalgaon,onion,1206.03,0.0,1206.03,True,offers_v1,42,08efbdb5ab95
2025-03-13,Lasalgaon,onion,1150.11,0.0,1150.11,True,offers_v1,42,08efbdb5ab95
2025-03-19,Lasalgaon,onion,1329.68,0.0658,1242.23,True,offers_v1,42,08efbdb5ab95
2025-03-25,Lasalgaon,onion,1534.26,0.1492,1305.41,True,offers_v1,42,08efbdb5ab95
2025-03-31,Lasalgaon,onion,1442.6,0.0762,1332.69,True,offers_v1,42,08efbdb5ab95
2025-04-05,Lasalgaon,onion,1368.5,0.0538,1294.91,True,offers_v1,42,08efbdb5ab95
2025-04-11,Lasalgaon,onion,1716.04,0.0,1716.04,True,offers_v1,42,08efbdb5ab95
2025-04-17,Lasalgaon,onion,1580.85,0.0323,1529.79,True,offers_v1,42,08efbdb5ab95
2025-04-23,Lasalgaon,onion,1452.23,0.1367,1253.68,True,offers_v1,42,08efbdb5ab95
2025-04-29,Lasalgaon,onion,1910.31,0.1196,1681.84,True,offers_v1,42,08efbdb5ab95
2025-05-05,Lasalgaon,onion,1893.16,0.0658,1768.62,True,offers_v1,42,08efbdb5ab95
2025-05-10,Lasalgaon,onion,1706.6,0.0717,1584.24,True,offers_v1,42,08efbdb5ab95
2025-05-16,Lasalgaon,onion,1835.69,0.0751,1697.75,True,offers_v1,42,08efbdb5ab95
2025-05-22,Lasalgaon,onion,1952.03,0.0,1952.03,True,offers_v1,42,08efbdb5ab95
2025-05-28,Lasalgaon,onion,2142.63,0.0522,2030.82,True,offers_v1,42,08efbdb5ab95
2025-06-03,Lasalgaon,onion,2152.99,0.0388,2069.46,True,offers_v1,42,08efbdb5ab95
2025-06-09,Lasalgaon,onion,2166.11,0.1432,1855.92,True,offers_v1,42,08efbdb5ab95
2025-06-14,Lasalgaon,onion,2374.67,0.0877,2166.51,True,offers_v1,42,08efbdb5ab95
2025-06-20,Lasalgaon,onion,2399.43,0.0281,2331.96,True,offers_v1,42,08efbdb5ab95
2025-06-26,Lasalgaon,onion,2513.25,0.1795,2062.09,True,offers_v1,42,08efbdb5ab95
2025-07-02,Lasalgaon,onion,2210.52,0.0702,2055.36,True,offers_v1,42,08efbdb5ab95
2025-07-08,Lasalgaon,onion,2166.61,0.1687,1801.18,True,offers_v1,42,08efbdb5ab95
2025-07-14,Lasalgaon,onion,2451.71,0.1332,2125.24,True,offers_v1,42,08efbdb5ab95
2025-07-19,Lasalgaon,onion,2418.97,0.0647,2262.41,True,offers_v1,42,08efbdb5ab95
2025-07-25,Lasalgaon,onion,2475.82,0.0646,2315.79,True,offers_v1,42,08efbdb5ab95
2025-07-31,Lasalgaon,onion,2428.02,0.0459,2316.64,True,offers_v1,42,08efbdb5ab95
2025-08-06,Lasalgaon,onion,2373.21,0.0595,2231.93,True,offers_v1,42,08efbdb5ab95
2025-08-12,Lasalgaon,onion,2151.2,0.0237,2100.29,True,offers_v1,42,08efbdb5ab95
2024-08-17,Pimpalgaon,onion,2026.03,0.0,2026.03,True,offers_v1,42,08efbdb5ab95
2024-08-23,Pimpalgaon,onion,2166.06,0.0418,2075.42,True,offers_v1,42,08efbdb5ab95
2024-08-29,Pimpalgaon,onion,2349.44,0.0,2349.44,True,offers_v1,42,08efbdb5ab95
2024-09-04,Pimpalgaon,onion,2339.17,0.0755,2162.48,True,offers_v1,42,08efbdb5ab95
2024-09-10,Pimpalgaon,onion,2127.64,0.0452,2031.5,True,offers_v1,42,08efbdb5ab95
2024-09-16,Pimpalgaon,onion,2139.98,0.1061,1912.88,True,offers_v1,42,08efbdb5ab95
2024-09-21,Pimpalgaon,onion,2092.17,0.1275,1825.32,True,offers_v1,42,08efbdb5ab95
2024-09-27,Pimpalgaon,onion,1863.78,0.0,1863.78,True,offers_v1,42,08efbdb5ab95
2024-10-03,Pimpalgaon,onion,1957.66,0.1504,1663.32,True,offers_v1,42,08efbdb5ab95
2024-10-09,Pimpalgaon,onion,1925.88,0.059,1812.25,True,offers_v1,42,08efbdb5ab95
2024-10-15,Pimpalgaon,onion,1904.8,0.1011,1712.27,True,offers_v1,42,08efbdb5ab95
2024-10-21,Pimpalgaon,onion,1796.37,0.1281,1566.18,True,offers_v1,42,08efbdb5ab95
2024-10-26,Pimpalgaon,onion,1918.55,0.0,1918.55,True,offers_v1,42,08efbdb5ab95
2024-11-01,Pimpalgaon,onion,1789.75,0.0,1789.75,True,offers_v1,42,08efbdb5ab95
2024-11-07,Pimpalgaon,onion,1698.14,0.0,1698.14,True,offers_v1,42,08efbdb5ab95
2024-11-13,Pimpalgaon,onion,1622.68,0.0317,1571.21,True,offers_v1,42,08efbdb5ab95
2024-11-19,Pimpalgaon,onion,1605.58,0.054,1518.83,True,offers_v1,42,08efbdb5ab95
2024-11-25,Pimpalgaon,onion,1671.14,0.0659,1561.08,True,offers_v1,42,08efbdb5ab95
2024-11-30,Pimpalgaon,onion,1489.2,0.0153,1466.46,True,offers_v1,42,08efbdb5ab95
2024-12-06,Pimpalgaon,onion,1439.2,0.0778,1327.25,True,offers_v1,42,08efbdb5ab95
2024-12-12,Pimpalgaon,onion,1268.99,0.1498,1078.88,True,offers_v1,42,08efbdb5ab95
2024-12-18,Pimpalgaon,onion,1255.69,0.1678,1045.0,True,offers_v1,42,08efbdb5ab95
2024-12-24,Pimpalgaon,onion,1043.88,0.0605,980.73,True,offers_v1,42,08efbdb5ab95
2024-12-30,Pimpalgaon,onion,1052.6,0.1598,884.39,True,offers_v1,42,08efbdb5ab95
2025-01-04,Pimpalgaon,onion,931.39,0.0258,907.37,True,offers_v1,42,08efbdb5ab95
2025-01-10,Pimpalgaon,onion,1027.45,0.0695,956.03,True,offers_v1,42,08efbdb5ab95
2025-01-16,Pimpalgaon,onion,889.5,0.0,889.5,True,offers_v1,42,08efbdb5ab95
2025-01-22,Pimpalgaon,onion,1119.33,0.0497,1063.71,True,offers_v1,42,08efbdb5ab95
2025-01-28,Pimpalgaon,onion,959.11,0.0932,869.75,True,offers_v1,42,08efbdb5ab95
2025-02-03,Pimpalgaon,onion,1015.25,0.0,1015.25,True,offers_v1,42,08efbdb5ab95
2025-02-08,Pimpalgaon,onion,1089.1,0.0399,1045.63,True,offers_v1,42,08efbdb5ab95
2025-02-14,Pimpalgaon,onion,1035.53,0.1431,887.34,True,offers_v1,42,08efbdb5ab95
2025-02-20,Pimpalgaon,onion,1154.77,0.0683,1075.95,True,offers_v1,42,08efbdb5ab95
2025-02-26,Pimpalgaon,onion,1282.4,0.0871,1170.68,True,offers_v1,42,08efbdb5ab95
2025-03-04,Pimpalgaon,onion,1155.05,0.0,1155.05,True,offers_v1,42,08efbdb5ab95
2025-03-10,Pimpalgaon,onion,1017.53,0.1242,891.13,True,offers_v1,42,08efbdb5ab95
2025-03-15,Pimpalgaon,onion,995.63,0.0559,939.96,True,offers_v1,42,08efbdb5ab95
2025-03-21,Pimpalgaon,onion,1094.36,0.0582,1030.72,True,offers_v1,42,08efbdb5ab95
2025-03-27,Pimpalgaon,onion,1189.77,0.0,1189.77,True,offers_v1,42,08efbdb5ab95
2025-04-02,Pimpalgaon,onion,1674.81,0.0,1674.81,True,offers_v1,42,08efbdb5ab95
2025-04-08,Pimpalgaon,onion,1586.34,0.0516,1504.44,True,offers_v1,42,08efbdb5ab95
2025-04-14,Pimpalgaon,onion,1706.79,0.0236,1666.48,True,offers_v1,42,08efbdb5ab95
2025-04-19,Pimpalgaon,onion,1649.42,0.0,1649.42,True,offers_v1,42,08efbdb5ab95
2025-04-25,Pimpalgaon,onion,1776.68,0.0291,1724.95,True,offers_v1,42,08efbdb5ab95
2025-05-01,Pimpalgaon,onion,1842.91,0.0455,1759.06,True,offers_v1,42,08efbdb5ab95
2025-05-07,Pimpalgaon,onion,1905.11,0.05,1809.85,True,offers_v1,42,08efbdb5ab95
2025-05-13,Pimpalgaon,onion,1981.29,0.1057,1771.78,True,offers_v1,42,08efbdb5ab95
2025-05-19,Pimpalgaon,onion,2121.51,0.0535,2007.93,True,offers_v1,42,08efbdb5ab95
2025-05-24,Pimpalgaon,onion,2092.54,0.1537,1770.95,True,offers_v1,42,08efbdb5ab95
2025-05-30,Pimpalgaon,onion,2165.0,0.0132,2136.44,True,offers_v1,42,08efbdb5ab95
2025-06-05,Pimpalgaon,onion,2143.68,0.1259,1873.89,True,offers_v1,42,08efbdb5ab95
2025-06-11,Pimpalgaon,onion,2117.87,0.0887,1929.97,True,offers_v1,42,08efbdb5ab95
2025-06-17,Pimpalgaon,onion,2420.41,0.01,2396.21,True,offers_v1,42,08efbdb5ab95
2025-06-23,Pimpalgaon,onion,2215.57,0.0597,2083.25,True,offers_v1,42,08efbdb5ab95
2025-06-28,Pimpalgaon,onion,2276.15,0.0714,2113.69,True,offers_v1,42,08efbdb5ab95
2025-07-04,Pimpalgaon,onion,2142.59,0.0429,2050.66,True,offers_v1,42,08efbdb5ab95
2025-07-10,Pimpalgaon,onion,2359.07,0.1408,2026.85,True,offers_v1,42,08efbdb5ab95
2025-07-16,Pimpalgaon,onion,2539.06,0.0949,2298.06,True,offers_v1,42,08efbdb5ab95
2025-07-22,Pimpalgaon,onion,2354.2,0.0553,2224.1,True,offers_v1,42,08efbdb5ab95
2025-07-28,Pimpalgaon,onion,2277.35,0.054,2154.28,True,offers_v1,42,08efbdb5ab95
2025-08-02,Pimpalgaon,onion,2228.69,0.0486,2120.47,True,offers_v1,42,08efbdb5ab95
2025-08-08,Pimpalgaon,onion,2177.94,0.0675,2030.87,True,offers_v1,42,08efbdb5ab95
2025-08-14,Pimpalgaon,onion,2223.68,0.0908,2021.8,True,offers_v1,42,08efbdb5ab95
2024-08-20,Manjri,onion,1961.47,0.0913,1782.38,True,offers_v1,42,08efbdb5ab95
2024-08-26,Manjri,onion,1959.96,0.0416,1878.39,True,offers_v1,42,08efbdb5ab95
2024-08-31,Manjri,onion,2062.84,0.0439,1972.21,True,offers_v1,42,08efbdb5ab95
2024-09-06,Manjri,onion,2239.46,0.0438,2141.3,True,offers_v1,42,08efbdb5ab95
2024-09-12,Manjri,onion,2223.34,0.0663,2075.95,True,offers_v1,42,08efbdb5ab95
2024-09-18,Manjri,onion,2236.43,0.0781,2061.65,True,offers_v1,42,08efbdb5ab95
2024-09-24,Manjri,onion,2222.04,0.1098,1978.07,True,offers_v1,42,08efbdb5ab95
2024-09-30,Manjri,onion,1895.01,0.049,1802.14,True,offers_v1,42,08efbdb5ab95
2024-10-05,Manjri,onion,1989.96,0.0,1989.96,True,offers_v1,42,08efbdb5ab95
2024-10-11,Manjri,onion,1945.66,0.0861,1778.13,True,offers_v1,42,08efbdb5ab95
2024-10-17,Manjri,onion,1816.43,0.0541,1718.1,True,offers_v1,42,08efbdb5ab95
2024-10-23,Manjri,onion,1953.74,0.0692,1818.63,True,offers_v1,42,08efbdb5ab95
2024-10-29,Manjri,onion,1898.12,0.0121,1875.08,True,offers_v1,42,08efbdb5ab95
2024-11-04,Manjri,onion,1781.85,0.0975,1608.16,True,offers_v1,42,08efbdb5ab95
2024-11-09,Manjri,onion,1690.76,0.0876,1542.65,True,offers_v1,42,08efbdb5ab95
2024-11-15,Manjri,onion,1635.58,0.1779,1344.55,True,offers_v1,42,08efbdb5ab95
2024-11-21,Manjri,onion,1629.68,0.165,1360.78,True,offers_v1,42,08efbdb5ab95
2024-11-27,Manjri,onion,1499.29,0.0,1499.29,True,offers_v1,42,08efbdb5ab95
2024-12-03,Manjri,onion,1496.95,0.0341,1445.97,True,offers_v1,42,08efbdb5ab95
2024-12-09,Manjri,onion,1389.07,0.0499,1319.72,True,offers_v1,42,08efbdb5ab95
2024-12-14,Manjri,onion,1348.09,0.1101,1199.73,True,offers_v1,42,08efbdb5ab95
2024-12-20,Manjri,onion,1278.81,0.0824,1173.42,True,offers_v1,42,08efbdb5ab95
2024-12-26,Manjri,onion,1183.44,0.0,1183.44,True,offers_v1,42,08efbdb5ab95
2025-01-01,Manjri,onion,1079.23,0.0,1079.23,True,offers_v1,42,08efbdb5ab95
2025-01-07,Manjri,onion,1168.8,0.0184,1147.27,True,offers_v1,42,08efbdb5ab95
2025-01-13,Manjri,onion,884.61,0.0,884.61,True,offers_v1,42,08efbdb5ab95
2025-01-18,Manjri,onion,956.79,0.1426,820.37,True,offers_v1,42,08efbdb5ab95
2025-01-24,Manjri,onion,855.73,0.1166,755.97,True,offers_v1,42,08efbdb5ab95
2025-01-30,Manjri,onion,1239.61,0.213,975.53,True,offers_v1,42,08efbdb5ab95
2025-02-05,Manjri,onion,856.61,0.0,856.61,True,offers_v1,42,08efbdb5ab95
2025-02-11,Manjri,onion,992.01,0.0984,894.42,True,offers_v1,42,08efbdb5ab95
2025-02-17,Manjri,onion,872.97,0.0883,795.93,True,offers_v1,42,08efbdb5ab95
2025-02-22,Manjri,onion,1131.81,0.0556,1068.91,True,offers_v1,42,08efbdb5ab95
2025-02-28,Manjri,onion,1290.27,0.0419,1236.21,True,offers_v1,42,08efbdb5ab95
2025-03-06,Manjri,onion,1092.89,0.0806,1004.85,True,offers_v1,42,08efbdb5ab95
2025-03-12,Manjri,onion,1012.69,0.01,1002.56,True,offers_v1,42,08efbdb5ab95
2025-03-18,Manjri,onion,1204.02,0.1164,1063.89,True,offers_v1,42,08efbdb5ab95
2025-03-24,Manjri,onion,1150.3,0.0803,1057.97,True,offers_v1,42,08efbdb5ab95
2025-03-29,Manjri,onion,1373.82,0.0,1373.82,True,offers_v1,42,08efbdb5ab95
2025-04-04,Manjri,onion,1421.86,0.0963,1284.92,True,offers_v1,42,08efbdb5ab95
2025-04-10,Manjri,onion,1437.3,0.0762,1327.83,True,offers_v1,42,08efbdb5ab95
2025-04-16,Manjri,onion,1667.29,0.1498,1417.49,True,offers_v1,42,08efbdb5ab95
2025-04-22,Manjri,onion,1677.32,0.0843,1535.87,True,offers_v1,42,08efbdb5ab95
2025-04-28,Manjri,onion,1739.2,0.0814,1597.62,True,offers_v1,42,08efbdb5ab95
2025-05-03,Manjri,onion,1761.28,0.0529,1668.14,True,offers_v1,42,08efbdb5ab95
2025-05-09,Manjri,onion,1836.06,0.0136,1811.14,True,offers_v1,42,08efbdb5ab95
2025-05-15,Manjri,onion,1690.1,0.0583,1591.65,True,offers_v1,42,08efbdb5ab95
2025-05-21,Manjri,onion,1719.53,0.0539,1626.92,True,offers_v1,42,08efbdb5ab95
2025-05-27,Manjri,onion,2009.71,0.0,2009.71,True,offers_v1,42,08efbdb5ab95
2025-06-02,Manjri,onion,1997.99,0.0528,1892.56,True,offers_v1,42,08efbdb5ab95
2025-06-07,Manjri,onion,2039.07,0.0,2039.07,True,offers_v1,42,08efbdb5ab95
2025-06-13,Manjri,onion,1886.98,0.068,1758.72,True,offers_v1,42,08efbdb5ab95
2025-06-19,Manjri,onion,1986.14,0.0588,1869.31,True,offers_v1,42,08efbdb5ab95
2025-06-25,Manjri,onion,2014.84,0.1129,1787.43,True,offers_v1,42,08efbdb5ab95
2025-07-01,Manjri,onion,2172.76,0.0,2172.76,True,offers_v1,42,08efbdb5ab95
2025-07-07,Manjri,onion,2276.75,0.0881,2076.15,True,offers_v1,42,08efbdb5ab95
2025-07-12,Manjri,onion,2302.34,0.0,2302.34,True,offers_v1,42,08efbdb5ab95
2025-07-18,Manjri,onion,2225.4,0.0,2225.4,True,offers_v1,42,08efbdb5ab95
2025-07-24,Manjri,onion,2426.11,0.064,2270.75,True,offers_v1,42,08efbdb5ab95
2025-07-30,Manjri,onion,2218.27,0.0627,2079.27,True,offers_v1,42,08efbdb5ab95
2025-08-05,Manjri,onion,2351.08,0.1164,2077.47,True,offers_v1,42,08efbdb5ab95
2025-08-11,Manjri,onion,2345.12,0.0,2345.12,True,offers_v1,42,08efbdb5ab95
2024-08-16,Solapur,onion,1928.48,0.0,1928.48,True,offers_v1,42,08efbdb5ab95
2024-08-22,Solapur,onion,2096.44,0.0385,2015.74,True,offers_v1,42,08efbdb5ab95
2024-08-28,Solapur,onion,2380.09,0.0272,2315.23,True,offers_v1,42,08efbdb5ab95
2024-09-03,Solapur,onion,2504.7,0.1146,2217.67,True,offers_v1,42,08efbdb5ab95
2024-09-09,Solapur,onion,2401.09,0.0755,2219.82,True,offers_v1,42,08efbdb5ab95
2024-09-14,Solapur,onion,2354.8,0.0542,2227.29,True,offers_v1,42,08efbdb5ab95
2024-09-20,Solapur,onion,2255.34,0.129,1964.34,True,offers_v1,42,08efbdb5ab95
2024-09-26,Solapur,onion,2262.8,0.0566,2134.83,True,offers_v1,42,08efbdb5ab95
2024-10-02,Solapur,onion,2154.82,0.1785,1770.17,True,offers_v1,42,08efbdb5ab95
2024-10-08,Solapur,onion,2184.93,0.0327,2113.49,True,offers_v1,42,08efbdb5ab95
2024-10-14,Solapur,onion,2049.32,0.0,2049.32,True,offers_v1,42,08efbdb5ab95
2024-10-19,Solapur,onion,2118.15,0.0437,2025.54,True,offers_v1,42,08efbdb5ab95
2024-10-25,Solapur,onion,1943.88,0.0235,1898.2,True,offers_v1,42,08efbdb5ab95
2024-10-31,Solapur,onion,1794.19,0.0755,1658.66,True,offers_v1,42,08efbdb5ab95
2024-11-06,Solapur,onion,1755.12,0.0,1755.12,True,offers_v1,42,08efbdb5ab95
2024-11-12,Solapur,onion,1706.65,0.0587,1606.47,True,offers_v1,42,08efbdb5ab95
2024-11-18,Solapur,onion,1689.77,0.0767,1560.14,True,offers_v1,42,08efbdb5ab95
2024-11-23,Solapur,onion,1539.88,0.0441,1472.02,True,offers_v1,42,08efbdb5ab95
2024-11-29,Solapur,onion,1582.99,0.1204,1392.44,True,offers_v1,42,08efbdb5ab95
2024-12-05,Solapur,onion,1555.32,0.0,1555.32,True,offers_v1,42,08efbdb5ab95
2024-12-11,Solapur,onion,1284.35,0.0,1284.35,True,offers_v1,42,08efbdb5ab95
2024-12-17,Solapur,onion,1354.62,0.0501,1286.8,True,offers_v1,42,08efbdb5ab95
2024-12-23,Solapur,onion,1379.65,0.0422,1321.36,True,offers_v1,42,08efbdb5ab95
2024-12-28,Solapur,onion,1144.59,0.1066,1022.59,True,offers_v1,42,08efbdb5ab95
2025-01-03,Solapur,onion,1192.6,0.0486,1134.58,True,offers_v1,42,08efbdb5ab95
2025-01-09,Solapur,onion,914.81,0.0,914.81,True,offers_v1,42,08efbdb5ab95
2025-01-15,Solapur,onion,1071.72,0.0736,992.8,True,offers_v1,42,08efbdb5ab95
2025-01-21,Solapur,onion,996.37,0.0,996.37,True,offers_v1,42,08efbdb5ab95
2025-01-27,Solapur,onion,1127.43,0.0462,1075.33,True,offers_v1,42,08efbdb5ab95
2025-02-01,Solapur,onion,1156.68,0.0769,1067.77,True,offers_v1,42,08efbdb5ab95
2025-02-07,Solapur,onion,1045.91,0.0257,1019.03,True,offers_v1,42,08efbdb5ab95
2025-02-13,Solapur,onion,1119.66,0.0,1119.66,True,offers_v1,42,08efbdb5ab95
2025-02-19,Solapur,onion,1251.29,0.0567,1180.35,True,offers_v1,42,08efbdb5ab95
2025-02-25,Solapur,onion,1217.07,0.0595,1144.68,True,offers_v1,42,08efbdb5ab95
2025-03-03,Solapur,onion,1268.73,0.1478,1081.19,True,offers_v1,42,08efbdb5ab95
2025-03-08,Solapur,onion,1282.68,0.0434,1226.99,True,offers_v1,42,08efbdb5ab95
2025-03-14,Solapur,onion,1301.7,0.0178,1278.53,True,offers_v1,42,08efbdb5ab95
2025-03-20,Solapur,onion,1284.56,0.0,1284.56,True,offers_v1,42,08efbdb5ab95
2025-03-26,Solapur,onion,1433.78,0.0443,1370.29,True,offers_v1,42,08efbdb5ab95
2025-04-01,Solapur,onion,1559.96,0.1518,1323.08,True,offers_v1,42,08efbdb5ab95
2025-04-07,Solapur,onion,1545.19,0.0872,1410.43,True,offers_v1,42,08efbdb5ab95
2025-04-12,Solapur,onion,1525.51,0.1579,1284.67,True,offers_v1,42,08efbdb5ab95
2025-04-18,Solapur,onion,1621.25,0.0278,1576.14,True,offers_v1,42,08efbdb5ab95
2025-04-24,Solapur,onion,1634.91,0.1309,1420.95,True,offers_v1,42,08efbdb5ab95
2025-04-30,Solapur,onion,1753.42,0.0,1753.42,True,offers_v1,42,08efbdb5ab95
2025-05-06,Solapur,onion,1899.69,0.0364,1830.52,True,offers_v1,42,08efbdb5ab95
2025-05-12,Solapur,onion,1982.98,0.1293,1726.49,True,offers_v1,42,08efbdb5ab95
2025-05-17,Solapur,onion,1972.3,0.0502,1873.35,True,offers_v1,42,08efbdb5ab95
2025-05-23,Solapur,onion,1962.83,0.1247,1718.09,True,offers_v1,42,08efbdb5ab95
2025-05-29,Solapur,onion,2121.35,0.0541,2006.58,True,offers_v1,42,08efbdb5ab95
2025-06-04,Solapur,onion,2311.72,0.1357,1998.08,True,offers_v1,42,08efbdb5ab95
2025-06-10,Solapur,onion,2528.16,0.0679,2356.6,True,offers_v1,42,08efbdb5ab95
2025-06-16,Solapur,onion,2499.5,0.046,2384.62,True,offers_v1,42,08efbdb5ab95
2025-06-21,Solapur,onion,2477.25,0.0,2477.25,True,offers_v1,42,08efbdb5ab95
2025-06-27,Solapur,onion,2499.3,0.0549,2361.98,True,offers_v1,42,08efbdb5ab95
2025-07-03,Solapur,onion,2646.95,0.1385,2280.43,True,offers_v1,42,08efbdb5ab95
2025-07-09,Solapur,onion,2769.28,0.083,2539.57,True,offers_v1,42,08efbdb5ab95
2025-07-15,Solapur,onion,2729.51,0.0,2729.51,True,offers_v1,42,08efbdb5ab95
2025-07-21,Solapur,onion,2653.41,0.1817,2171.41,True,offers_v1,42,08efbdb5ab95
2025-07-26,Solapur,onion,2636.52,0.0,2636.52,True,offers_v1,42,08efbdb5ab95
2025-08-01,Solapur,onion,2692.61,0.1071,2404.13,True,offers_v1,42,08efbdb5ab95
2025-08-07,Solapur,onion,2591.3,0.046,2472.01,True,offers_v1,42,08efbdb5ab95
2025-08-13,Solapur,onion,2501.85,0.1661,2086.38,True,offers_v1,42,08efbdb5ab95
2024-08-19,Rahuri,onion,1929.13,0.0,1929.13,True,offers_v1,42,08efbdb5ab95
2024-08-24,Rahuri,onion,2001.7,0.0717,1858.16,True,offers_v1,42,08efbdb5ab95
2024-08-30,Rahuri,onion,2044.02,0.0331,1976.28,True,offers_v1,42,08efbdb5ab95
2024-09-05,Rahuri,onion,2332.1,0.0921,2117.29,True,offers_v1,42,08efbdb5ab95
2024-09-11,Rahuri,onion,2095.58,0.0409,2009.87,True,offers_v1,42,08efbdb5ab95
2024-09-17,Rahuri,onion,2172.55,0.1669,1809.85,True,offers_v1,42,08efbdb5ab95
2024-09-23,Rahuri,onion,2103.8,0.0448,2009.61,True,offers_v1,42,08efbdb5ab95
2024-09-28,Rahuri,onion,1919.17,0.0514,1820.54,True,offers_v1,42,08efbdb5ab95
2024-10-04,Rahuri,onion,2047.49,0.0339,1978.04,True,offers_v1,42,08efbdb5ab95
2024-10-10,Rahuri,onion,1903.08,0.1241,1666.97,True,offers_v1,42,08efbdb5ab95
2024-10-16,Rahuri,onion,1842.93,0.0564,1739.03,True,offers_v1,42,08efbdb5ab95
2024-10-22,Rahuri,onion,1871.31,0.0,1871.31,True,offers_v1,42,08efbdb5ab95
2024-10-28,Rahuri,onion,1822.52,0.0,1822.52,True,offers_v1,42,08efbdb5ab95
2024-11-02,Rahuri,onion,1875.25,0.0,1875.25,True,offers_v1,42,08efbdb5ab95
2024-11-08,Rahuri,onion,1847.14,0.0,1847.14,True,offers_v1,42,08efbdb5ab95
2024-11-14,Rahuri,onion,1627.11,0.0449,1554.09,True,offers_v1,42,08efbdb5ab95
2024-11-20,Rahuri,onion,1590.99,0.0,1590.99,True,offers_v1,42,08efbdb5ab95
2024-11-26,Rahuri,onion,1425.39,0.01,1411.14,True,offers_v1,42,08efbdb5ab95
2024-12-02,Rahuri,onion,1463.5,0.0,1463.5,True,offers_v1,42,08efbdb5ab95
2024-12-07,Rahuri,onion,1384.28,0.0,1384.28,True,offers_v1,42,08efbdb5ab95
2024-12-13,Rahuri,onion,1493.19,0.0418,1430.81,True,offers_v1,42,08efbdb5ab95
2024-12-19,Rahuri,onion,1389.13,0.0886,1266.0,True,offers_v1,42,08efbdb5ab95
2024-12-25,Rahuri,onion,1086.01,0.1223,953.17,True,offers_v1,42,08efbdb5ab95
2024-12-31,Rahuri,onion,1028.61,0.1307,894.16,True,offers_v1,42,08efbdb5ab95
2025-01-06,Rahuri,onion,837.9,0.0467,798.79,True,offers_v1,42,08efbdb5ab95
2025-01-11,Rahuri,onion,1029.86,0.0472,981.27,True,offers_v1,42,08efbdb5ab95
2025-01-17,Rahuri,onion,1104.93,0.1031,991.01,True,offers_v1,42,08efbdb5ab95
2025-01-23,Rahuri,onion,1075.17,0.0637,1006.66,True,offers_v1,42,08efbdb5ab95
2025-01-29,Rahuri,onion,876.01,0.0386,842.16,True,offers_v1,42,08efbdb5ab95
2025-02-04,Rahuri,onion,1020.63,0.0303,989.7,True,offers_v1,42,08efbdb5ab95
2025-02-10,Rahuri,onion,1091.74,0.1015,980.95,True,offers_v1,42,08efbdb5ab95
2025-02-15,Rahuri,onion,897.17,0.1279,782.44,True,offers_v1,42,08efbdb5ab95
2025-02-21,Rahuri,onion,1101.74,0.15,936.44,True,offers_v1,42,08efbdb5ab95
2025-02-27,Rahuri,onion,987.57,0.0,987.57,True,offers_v1,42,08efbdb5ab95
2025-03-05,Rahuri,onion,1061.19,0.0481,1010.19,True,offers_v1,42,08efbdb5ab95
2025-03-11,Rahuri,onion,1249.31,0.0498,1187.13,True,offers_v1,42,08efbdb5ab95
2025-03-17,Rahuri,onion,1235.39,0.0501,1173.56,True,offers_v1,42,08efbdb5ab95
2025-03-22,Rahuri,onion,1196.92,0.1435,1025.15,True,offers_v1,42,08efbdb5ab95
2025-03-28,Rahuri,onion,1398.66,0.0,1398.66,True,offers_v1,42,08efbdb5ab95
2025-04-03,Rahuri,onion,1434.1,0.1366,1238.27,True,offers_v1,42,08efbdb5ab95
2025-04-09,Rahuri,onion,1303.76,0.0613,1223.82,True,offers_v1,42,08efbdb5ab95
2025-04-15,Rahuri,onion,1410.52,0.1265,1232.06,True,offers_v1,42,08efbdb5ab95
2025-04-21,Rahuri,onion,1705.4,0.1072,1522.5,True,offers_v1,42,08efbdb5ab95
2025-04-26,Rahuri,onion,1828.09,0.0381,1758.49,True,offers_v1,42,08efbdb5ab95
2025-05-02,Rahuri,onion,1619.81,0.1722,1340.85,True,offers_v1,42,08efbdb5ab95
2025-05-08,Rahuri,onion,1726.37,0.0342,1667.37,True,offers_v1,42,08efbdb5ab95
2025-05-14,Rahuri,onion,1940.57,0.063,1818.33,True,offers_v1,42,08efbdb5ab95
2025-05-20,Rahuri,onion,1721.18,0.0,1721.18,True,offers_v1,42,08efbdb5ab95
2025-05-26,Rahuri,onion,1915.39,0.0,1915.39,True,offers_v1,42,08efbdb5ab95
2025-05-31,Rahuri,onion,1853.54,0.1293,1613.91,True,offers_v1,42,08efbdb5ab95
2025-06-06,Rahuri,onion,1931.49,0.0,1931.49,True,offers_v1,42,08efbdb5ab95
2025-06-12,Rahuri,onion,1876.66,0.1638,1569.3,True,offers_v1,42,08efbdb5ab95
2025-06-18,Rahuri,onion,2104.34,0.0,2104.34,True,offers_v1,42,08efbdb5ab95
2025-06-24,Rahuri,onion,1981.13,0.0471,1887.79,True,offers_v1,42,08efbdb5ab95
2025-06-30,Rahuri,onion,2094.99,0.0143,2065.1,True,offers_v1,42,08efbdb5ab95
2025-07-05,Rahuri,onion,2439.05,0.0684,2272.3,True,offers_v1,42,08efbdb5ab95
2025-07-11,Rahuri,onion,2500.54,0.0694,2327.02,True,offers_v1,42,08efbdb5ab95
2025-07-17,Rahuri,onion,2362.07,0.042,2262.84,True,offers_v1,42,08efbdb5ab95
2025-07-23,Rahuri,onion,2194.03,0.0,2194.03,True,offers_v1,42,08efbdb5ab95
2025-07-29,Rahuri,onion,2214.88,0.0,2214.88,True,offers_v1,42,08efbdb5ab95
2025-08-04,Rahuri,onion,2363.48,0.0757,2184.54,True,offers_v1,42,08efbdb5ab95
2025-08-09,Rahuri,onion,2418.15,0.0471,2304.27,True,offers_v1,42,08efbdb5ab95
2024-08-15,Nashik,tomato,1385.75,0.1516,1175.69,True,offers_v1,42,08efbdb5ab95
2024-08-21,Nashik,tomato,1525.6,0.1031,1368.27,True,offers_v1,42,08efbdb5ab95
2024-08-27,Nashik,tomato,1615.22,0.0474,1538.62,True,offers_v1,42,08efbdb5ab95
2024-09-02,Nashik,tomato,1666.42,0.0,1666.42,True,offers_v1,42,08efbdb5ab95
2024-09-07,Nashik,tomato,1772.18,0.0641,1658.58,True,offers_v1,42,08efbdb5ab95
2024-09-13,Nashik,tomato,1794.29,0.0512,1702.41,True,offers_v1,42,08efbdb5ab95
2024-09-19,Nashik,tomato,1763.08,0.0222,1723.86,True,offers_v1,42,08efbdb5ab95
2024-09-25,Nashik,tomato,1795.85,0.0897,1634.78,True,offers_v1,42,08efbdb5ab95
2024-10-01,Nashik,tomato,1618.19,0.0693,1506.04,True,offers_v1,42,08efbdb5ab95
2024-10-07,Nashik,tomato,1422.89,0.166,1186.7,True,offers_v1,42,08efbdb5ab95
2024-10-12,Nashik,tomato,1494.16,0.0559,1410.64,True,offers_v1,42,08efbdb5ab95
2024-10-18,Nashik,tomato,1506.71,0.05,1431.37,True,offers_v1,42,08efbdb5ab95
2024-10-24,Nashik,tomato,1419.54,0.0475,1352.13,True,offers_v1,42,08efbdb5ab95
2024-10-30,Nashik,tomato,1206.01,0.0,1206.01,True,offers_v1,42,08efbdb5ab95
2024-11-05,Nashik,tomato,1159.21,0.0489,1102.49,True,offers_v1,42,08efbdb5ab95
2024-11-11,Nashik,tomato,1071.74,0.0547,1013.12,True,offers_v1,42,08efbdb5ab95
2024-11-16,Nashik,tomato,954.22,0.0649,892.32,True,offers_v1,42,08efbdb5ab95
2024-11-22,Nashik,tomato,886.49,0.1384,763.84,True,offers_v1,42,08efbdb5ab95
2024-11-28,Nashik,tomato,934.9,0.043,894.71,True,offers_v1,42,08efbdb5ab95
2024-12-04,Nashik,tomato,746.79,0.0608,701.39,True,offers_v1,42,08efbdb5ab95
2024-12-10,Nashik,tomato,705.13,0.0394,677.32,True,offers_v1,42,08efbdb5ab95
2024-12-16,Nashik,tomato,795.73,0.0651,743.96,True,offers_v1,42,08efbdb5ab95
2024-12-21,Nashik,tomato,825.92,0.0635,773.47,True,offers_v1,42,08efbdb5ab95
2024-12-27,Nashik,tomato,581.87,0.1836,475.05,True,offers_v1,42,08efbdb5ab95
2025-01-02,Nashik,tomato,547.37,0.0749,506.36,True,offers_v1,42,08efbdb5ab95
2025-01-08,Nashik,tomato,456.22,0.0551,431.07,True,offers_v1,42,08efbdb5ab95
2025-01-14,Nashik,tomato,488.68,0.0,488.68,True,offers_v1,42,08efbdb5ab95
2025-01-20,Nashik,tomato,664.82,0.0563,627.36,True,offers_v1,42,08efbdb5ab95
2025-01-25,Nashik,tomato,685.87,0.0288,666.1,True,offers_v1,42,08efbdb5ab95
2025-01-31,Nashik,tomato,577.47,0.0464,550.68,True,offers_v1,42,08efbdb5ab95
2025-02-06,Nashik,tomato,629.72,0.0698,585.77,True,offers_v1,42,08efbdb5ab95
2025-02-12,Nashik,tomato,648.13,0.0,648.13,True,offers_v1,42,08efbdb5ab95
2025-02-18,Nashik,tomato,743.6,0.0245,725.4,True,offers_v1,42,08efbdb5ab95
2025-02-24,Nashik,tomato,574.07,0.1022,515.39,True,offers_v1,42,08efbdb5ab95
2025-03-01,Nashik,tomato,729.98,0.01,722.68,True,offers_v1,42,08efbdb5ab95
2025-03-07,Nashik,tomato,811.3,0.1573,683.69,True,offers_v1,42,08efbdb5ab95
2025-03-13,Nashik,tomato,930.85,0.0408,892.87,True,offers_v1,42,08efbdb5ab95
2025-03-19,Nashik,tomato,1084.35,0.0,1084.35,True,offers_v1,42,08efbdb5ab95
2025-03-25,Nashik,tomato,1026.16,0.0741,950.16,True,offers_v1,42,08efbdb5ab95
2025-03-31,Nashik,tomato,1126.08,0.1178,993.47,True,offers_v1,42,08efbdb5ab95
2025-04-05,Nashik,tomato,1134.87,0.0725,1052.61,True,offers_v1,42,08efbdb5ab95
2025-04-11,Nashik,tomato,1149.38,0.0389,1104.67,True,offers_v1,42,08efbdb5ab95
2025-04-17,Nashik,tomato,1301.26,0.2058,1033.52,True,offers_v1,42,08efbdb5ab95
2025-04-23,Nashik,tomato,1620.42,0.05,1539.4,True,offers_v1,42,08efbdb5ab95
2025-04-29,Nashik,tomato,1734.21,0.0,1734.21,True,offers_v1,42,08efbdb5ab95
2025-05-05,Nashik,tomato,1655.97,0.0657,1547.2,True,offers_v1,42,08efbdb5ab95
2025-05-10,Nashik,tomato,1685.6,0.0781,1553.89,True,offers_v1,42,08efbdb5ab95
2025-05-16,Nashik,tomato,1605.14,0.0843,1469.76,True,offers_v1,42,08efbdb5ab95
2025-05-22,Nashik,tomato,1684.98,0.0426,1613.15,True,offers_v1,42,08efbdb5ab95
2025-05-28,Nashik,tomato,1613.9,0.0417,1546.67,True,offers_v1,42,08efbdb5ab95
2025-06-03,Nashik,tomato,1752.27,0.0,1752.27,True,offers_v1,42,08efbdb5ab95
2025-06-09,Nashik,tomato,1815.98,0.0,1815.98,True,offers_v1,42,08efbdb5ab95
2025-06-14,Nashik,tomato,1804.74,0.0,1804.74,True,offers_v1,42,08efbdb5ab95
2025-06-20,Nashik,tomato,1799.69,0.0,1799.69,True,offers_v1,42,08efbdb5ab95
2025-06-26,Nashik,tomato,1928.37,0.0,1928.37,True,offers_v1,42,08efbdb5ab95
2025-07-02,Nashik,tomato,2057.07,0.0,2057.07,True,offers_v1,42,08efbdb5ab95
2025-07-08,Nashik,tomato,2170.09,0.1284,1891.49,True,offers_v1,42,08efbdb5ab95
2025-07-14,Nashik,tomato,2212.07,0.0389,2125.99,True,offers_v1,42,08efbdb5ab95
2025-07-19,Nashik,tomato,2170.47,0.0578,2045.08,True,offers_v1,42,08efbdb5ab95
2025-07-25,Nashik,tomato,2079.88,0.0344,2008.34,True,offers_v1,42,08efbdb5ab95
2025-07-31,Nashik,tomato,2071.88,0.0692,1928.58,True,offers_v1,42,08efbdb5ab95
2025-08-06,Nashik,tomato,2028.05,0.0497,1927.28,True,offers_v1,42,08efbdb5ab95
2025-08-12,Nashik,tomato,1897.94,0.0675,1769.74,True,offers_v1,42,08efbdb5ab95
2024-08-17,Pimpri,tomato,1552.19,0.0506,1473.6,True,offers_v1,42,08efbdb5ab95
2024-08-23,Pimpri,tomato,1731.97,0.0,1731.97,True,offers_v1,42,08efbdb5ab95
2024-08-29,Pimpri,tomato,1730.12,0.0,1730.12,True,offers_v1,42,08efbdb5ab95
2024-09-04,Pimpri,tomato,1770.28,0.0776,1632.84,True,offers_v1,42,08efbdb5ab95
2024-09-10,Pimpri,tomato,1670.97,0.0573,1575.2,True,offers_v1,42,08efbdb5ab95
2024-09-16,Pimpri,tomato,1631.46,0.0265,1588.29,True,offers_v1,42,08efbdb5ab95
2024-09-21,Pimpri,tomato,1672.45,0.1007,1504.08,True,offers_v1,42,08efbdb5ab95
2024-09-27,Pimpri,tomato,1599.99,0.0346,1544.7,True,offers_v1,42,08efbdb5ab95
2024-10-03,Pimpri,tomato,1349.85,0.1062,1206.47,True,offers_v1,42,08efbdb5ab95
2024-10-09,Pimpri,tomato,1368.22,0.0558,1291.93,True,offers_v1,42,08efbdb5ab95
2024-10-15,Pimpri,tomato,1280.53,0.0543,1210.96,True,offers_v1,42,08efbdb5ab95
2024-10-21,Pimpri,tomato,1258.99,0.1412,1081.25,True,offers_v1,42,08efbdb5ab95
2024-10-26,Pimpri,tomato,1256.32,0.1233,1101.4,True,offers_v1,42,08efbdb5ab95
2024-11-01,Pimpri,tomato,1192.64,0.1257,1042.75,True,offers_v1,42,08efbdb5ab95
2024-11-07,Pimpri,tomato,1204.36,0.0,1204.36,True,offers_v1,42,08efbdb5ab95
2024-11-13,Pimpri,tomato,1144.78,0.0456,1092.53,True,offers_v1,42,08efbdb5ab95
2024-11-19,Pimpri,tomato,968.03,0.0542,915.59,True,offers_v1,42,08efbdb5ab95
2024-11-25,Pimpri,tomato,958.71,0.0471,913.56,True,offers_v1,42,08efbdb5ab95
2024-11-30,Pimpri,tomato,987.09,0.0522,935.6,True,offers_v1,42,08efbdb5ab95
2024-12-06,Pimpri,tomato,837.8,0.0458,799.46,True,offers_v1,42,08efbdb5ab95
2024-12-12,Pimpri,tomato,778.28,0.1436,666.51,True,offers_v1,42,08efbdb5ab95
2024-12-18,Pimpri,tomato,726.71,0.0301,704.81,True,offers_v1,42,08efbdb5ab95
2024-12-24,Pimpri,tomato,848.33,0.0,848.33,True,offers_v1,42,08efbdb5ab95
2024-12-30,Pimpri,tomato,689.76,0.1618,578.15,True,offers_v1,42,08efbdb5ab95
2025-01-04,Pimpri,tomato,679.93,0.01,673.13,True,offers_v1,42,08efbdb5ab95
2025-01-10,Pimpri,tomato,566.8,0.0,566.8,True,offers_v1,42,08efbdb5ab95
2025-01-16,Pimpri,tomato,691.03,0.0389,664.17,True,offers_v1,42,08efbdb5ab95
2025-01-22,Pimpri,tomato,859.81,0.1149,761.01,True,offers_v1,42,08efbdb5ab95
2025-01-28,Pimpri,tomato,657.65,0.0129,649.19,True,offers_v1,42,08efbdb5ab95
2025-02-03,Pimpri,tomato,644.98,0.0451,615.88,True,offers_v1,42,08efbdb5ab95
2025-02-08,Pimpri,tomato,653.66,0.0274,635.73,True,offers_v1,42,08efbdb5ab95
2025-02-14,Pimpri,tomato,606.55,0.0681,565.27,True,offers_v1,42,08efbdb5ab95
2025-02-20,Pimpri,tomato,746.81,0.0383,718.19,True,offers_v1,42,08efbdb5ab95
2025-02-26,Pimpri,tomato,763.74,0.0279,742.41,True,offers_v1,42,08efbdb5ab95
2025-03-04,Pimpri,tomato,965.89,0.0502,917.43,True,offers_v1,42,08efbdb5ab95
2025-03-10,Pimpri,tomato,949.41,0.0606,891.83,True,offers_v1,42,08efbdb5ab95
2025-03-15,Pimpri,tomato,1007.08,0.1164,889.89,True,offers_v1,42,08efbdb5ab95
2025-03-21,Pimpri,tomato,1087.37,0.0535,1029.2,True,offers_v1,42,08efbdb5ab95
2025-03-27,Pimpri,tomato,993.44,0.0,993.44,True,offers_v1,42,08efbdb5ab95
2025-04-02,Pimpri,tomato,999.91,0.0,999.91,True,offers_v1,42,08efbdb5ab95
2025-04-08,Pimpri,tomato,1206.72,0.1304,1049.31,True,offers_v1,42,08efbdb5ab95
2025-04-14,Pimpri,tomato,1250.9,0.0257,1218.8,True,offers_v1,42,08efbdb5ab95
2025-04-19,Pimpri,tomato,1421.26,0.0684,1324.04,True,offers_v1,42,08efbdb5ab95
2025-04-25,Pimpri,tomato,1481.56,0.061,1391.15,True,offers_v1,42,08efbdb5ab95
2025-05-01,Pimpri,tomato,1716.21,0.0443,1640.18,True,offers_v1,42,08efbdb5ab95
2025-05-07,Pimpri,tomato,1470.19,0.0623,1378.56,True,offers_v1,42,08efbdb5ab95
2025-05-13,Pimpri,tomato,1578.41,0.0296,1531.75,True,offers_v1,42,08efbdb5ab95
2025-05-19,Pimpri,tomato,1578.01,0.069,1469.18,True,offers_v1,42,08efbdb5ab95
2025-05-24,Pimpri,tomato,1635.64,0.1369,1411.74,True,offers_v1,42,08efbdb5ab95
2025-05-30,Pimpri,tomato,1927.51,0.0,1927.51,True,offers_v1,42,08efbdb5ab95
2025-06-05,Pimpri,tomato,1918.43,0.2097,1516.21,True,offers_v1,42,08efbdb5ab95
2025-06-11,Pimpri,tomato,2175.04,0.061,2042.34,True,offers_v1,42,08efbdb5ab95
2025-06-17,Pimpri,tomato,2046.55,0.0517,1940.73,True,offers_v1,42,08efbdb5ab95
2025-06-23,Pimpri,tomato,1884.54,0.05,1790.33,True,offers_v1,42,08efbdb5ab95
2025-06-28,Pimpri,tomato,1926.8,0.086,1761.13,True,offers_v1,42,08efbdb5ab95
2025-07-04,Pimpri,tomato,1981.39,0.1088,1765.88,True,offers_v1,42,08efbdb5ab95
2025-07-10,Pimpri,tomato,1987.8,0.1103,1768.49,True,offers_v1,42,08efbdb5ab95
2025-07-16,Pimpri,tomato,2088.7,0.0333,2019.07,True,offers_v1,42,08efbdb5ab95
2025-07-22,Pimpri,tomato,2061.72,0.0135,2033.92,True,offers_v1,42,08efbdb5ab95
2025-07-28,Pimpri,tomato,1904.49,0.0,1904.49,True,offers_v1,42,08efbdb5ab95
2025-08-02,Pimpri,tomato,1869.91,0.0524,1772.0,True,offers_v1,42,08efbdb5ab95
2025-08-08,Pimpri,tomato,1997.0,0.0404,1916.3,True,offers_v1,42,08efbdb5ab95
2025-08-14,Pimpri,tomato,1866.56,0.1181,1646.17,True,offers_v1,42,08efbdb5ab95
2024-08-20,Nagpur,tomato,1633.7,0.0775,1507.04,True,offers_v1,42,08efbdb5ab95
2024-08-26,Nagpur,tomato,1746.25,0.0,1746.25,True,offers_v1,42,08efbdb5ab95
2024-08-31,Nagpur,tomato,1730.86,0.0526,1639.87,True,offers_v1,42,08efbdb5ab95
2024-09-06,Nagpur,tomato,1728.04,0.1151,1529.19,True,offers_v1,42,08efbdb5ab95
2024-09-12,Nagpur,tomato,1704.24,0.1144,1509.23,True,offers_v1,42,08efbdb5ab95
2024-09-18,Nagpur,tomato,1580.65,0.0313,1531.13,True,offers_v1,42,08efbdb5ab95
2024-09-24,Nagpur,tomato,1743.48,0.0418,1670.61,True,offers_v1,42,08efbdb5ab95
2024-09-30,Nagpur,tomato,1805.72,0.0718,1675.99,True,offers_v1,42,08efbdb5ab95
2024-10-05,Nagpur,tomato,1700.81,0.0396,1633.39,True,offers_v1,42,08efbdb5ab95
2024-10-11,Nagpur,tomato,1614.57,0.0,1614.57,True,offers_v1,42,08efbdb5ab95
2024-10-17,Nagpur,tomato,1501.57,0.1258,1312.64,True,offers_v1,42,08efbdb5ab95
2024-10-23,Nagpur,tomato,1446.29,0.0607,1358.46,True,offers_v1,42,08efbdb5ab95
2024-10-29,Nagpur,tomato,1403.98,0.0,1403.98,True,offers_v1,42,08efbdb5ab95
2024-11-04,Nagpur,tomato,1151.31,0.05,1093.78,True,offers_v1,42,08efbdb5ab95
2024-11-09,Nagpur,tomato,1190.42,0.0454,1136.37,True,offers_v1,42,08efbdb5ab95
2024-11-15,Nagpur,tomato,1013.07,0.103,908.73,True,offers_v1,42,08efbdb5ab95
2024-11-21,Nagpur,tomato,1193.0,0.0375,1148.27,True,offers_v1,42,08efbdb5ab95
2024-11-27,Nagpur,tomato,955.44,0.0632,895.06,True,offers_v1,42,08efbdb5ab95
2024-12-03,Nagpur,tomato,831.56,0.0665,776.3,True,offers_v1,42,08efbdb5ab95
2024-12-09,Nagpur,tomato,871.39,0.0325,843.05,True,offers_v1,42,08efbdb5ab95
2024-12-14,Nagpur,tomato,935.21,0.098,843.51,True,offers_v1,42,08efbdb5ab95
2024-12-20,Nagpur,tomato,957.92,0.0,957.92,True,offers_v1,42,08efbdb5ab95
2024-12-26,Nagpur,tomato,1096.77,0.0,1096.77,True,offers_v1,42,08efbdb5ab95
2025-01-01,Nagpur,tomato,890.7,0.0607,836.66,True,offers_v1,42,08efbdb5ab95
2025-01-07,Nagpur,tomato,748.54,0.0505,710.75,True,offers_v1,42,08efbdb5ab95
2025-01-13,Nagpur,tomato,834.21,0.0329,806.8,True,offers_v1,42,08efbdb5ab95
2025-01-18,Nagpur,tomato,768.72,0.0442,734.72,True,offers_v1,42,08efbdb5ab95
2025-01-24,Nagpur,tomato,837.16,0.0703,778.32,True,offers_v1,42,08efbdb5ab95
2025-01-30,Nagpur,tomato,967.62,0.0454,923.65,True,offers_v1,42,08efbdb5ab95
2025-02-05,Nagpur,tomato,776.79,0.0133,766.48,True,offers_v1,42,08efbdb5ab95
2025-02-11,Nagpur,tomato,810.8,0.0848,742.05,True,offers_v1,42,08efbdb5ab95
2025-02-17,Nagpur,tomato,746.33,0.0,746.33,True,offers_v1,42,08efbdb5ab95
2025-02-22,Nagpur,tomato,748.75,0.0315,725.13,True,offers_v1,42,08efbdb5ab95
2025-02-28,Nagpur,tomato,799.11,0.1942,643.88,True,offers_v1,42,08efbdb5ab95
2025-03-06,Nagpur,tomato,822.29,0.0567,775.66,True,offers_v1,42,08efbdb5ab95
2025-03-12,Nagpur,tomato,962.08,0.0846,880.68,True,offers_v1,42,08efbdb5ab95
2025-03-18,Nagpur,tomato,957.37,0.0575,902.28,True,offers_v1,42,08efbdb5ab95
2025-03-24,Nagpur,tomato,1034.55,0.01,1024.2,True,offers_v1,42,08efbdb5ab95
2025-03-29,Nagpur,tomato,1239.14,0.087,1131.38,True,offers_v1,42,08efbdb5ab95
2025-04-04,Nagpur,tomato,1423.25,0.0,1423.25,True,offers_v1,42,08efbdb5ab95
2025-04-10,Nagpur,tomato,1537.59,0.0,1537.59,True,offers_v1,42,08efbdb5ab95
2025-04-16,Nagpur,tomato,1533.59,0.0497,1457.3,True,offers_v1,42,08efbdb5ab95
2025-04-22,Nagpur,tomato,1550.75,0.0157,1526.44,True,offers_v1,42,08efbdb5ab95
2025-04-28,Nagpur,tomato,1661.02,0.0,1661.02,True,offers_v1,42,08efbdb5ab95
2025-05-03,Nagpur,tomato,1753.09,0.0512,1663.31,True,offers_v1,42,08efbdb5ab95
2025-05-09,Nagpur,tomato,1789.26,0.1253,1565.02,True,offers_v1,42,08efbdb5ab95
2025-05-15,Nagpur,tomato,1842.95,0.1028,1653.53,True,offers_v1,42,08efbdb5ab95
2025-05-21,Nagpur,tomato,1913.31,0.0527,1812.54,True,offers_v1,42,08efbdb5ab95
2025-05-27,Nagpur,tomato,1810.07,0.071,1681.55,True,offers_v1,42,08efbdb5ab95
2025-06-02,Nagpur,tomato,1857.58,0.0421,1779.33,True,offers_v1,42,08efbdb5ab95
2025-06-07,Nagpur,tomato,2044.64,0.0744,1892.42,True,offers_v1,42,08efbdb5ab95
2025-06-13,Nagpur,tomato,2222.77,0.1688,1847.53,True,offers_v1,42,08efbdb5ab95
2025-06-19,Nagpur,tomato,2081.36,0.0,2081.36,True,offers_v1,42,08efbdb5ab95
2025-06-25,Nagpur,tomato,2123.53,0.0503,2016.67,True,offers_v1,42,08efbdb5ab95
2025-07-01,Nagpur,tomato,2163.85,0.0463,2063.7,True,offers_v1,42,08efbdb5ab95
2025-07-07,Nagpur,tomato,2171.56,0.074,2010.92,True,offers_v1,42,08efbdb5ab95
2025-07-12,Nagpur,tomato,2220.51,0.0785,2046.15,True,offers_v1,42,08efbdb5ab95
2025-07-18,Nagpur,tomato,2351.04,0.0,2351.04,True,offers_v1,42,08efbdb5ab95
2025-07-24,Nagpur,tomato,2160.18,0.1423,1852.77,True,offers_v1,42,08efbdb5ab95
2025-07-30,Nagpur,tomato,2186.68,0.1347,1892.16,True,offers_v1,42,08efbdb5ab95
2025-08-05,Nagpur,tomato,2198.28,0.055,2077.3,True,offers_v1,42,08efbdb5ab95
2025-08-11,Nagpur,tomato,2229.74,0.1477,1900.34,True,offers_v1,42,08efbdb5ab95
2024-08-16,Sangamner,tomato,1641.53,0.1275,1432.3,True,offers_v1,42,08efbdb5ab95
2024-08-22,Sangamner,tomato,1746.13,0.0653,1632.17,True,offers_v1,42,08efbdb5ab95
2024-08-28,Sangamner,tomato,1885.31,0.0549,1781.72,True,offers_v1,42,08efbdb5ab95
2024-09-03,Sangamner,tomato,1882.23,0.0422,1802.86,True,offers_v1,42,08efbdb5ab95
2024-09-09,Sangamner,tomato,1997.07,0.0907,1815.99,True,offers_v1,42,08efbdb5ab95
2024-09-14,Sangamner,tomato,1920.74,0.1518,1629.12,True,offers_v1,42,08efbdb5ab95
2024-09-20,Sangamner,tomato,1818.15,0.0114,1797.35,True,offers_v1,42,08efbdb5ab95
2024-09-26,Sangamner,tomato,1792.92,0.0532,1697.58,True,offers_v1,42,08efbdb5ab95
2024-10-02,Sangamner,tomato,1720.8,0.1023,1544.76,True,offers_v1,42,08efbdb5ab95
2024-10-08,Sangamner,tomato,1661.98,0.0263,1618.3,True,offers_v1,42,08efbdb5ab95
2024-10-14,Sangamner,tomato,1617.89,0.0246,1578.17,True,offers_v1,42,08efbdb5ab95
2024-10-19,Sangamner,tomato,1486.19,0.0408,1425.63,True,offers_v1,42,08efbdb5ab95
2024-10-25,Sangamner,tomato,1392.75,0.1262,1216.98,True,offers_v1,42,08efbdb5ab95
2024-10-31,Sangamner,tomato,1416.43,0.06,1331.46,True,offers_v1,42,08efbdb5ab95
2024-11-06,Sangamner,tomato,1325.1,0.0537,1253.97,True,offers_v1,42,08efbdb5ab95
2024-11-12,Sangamner,tomato,1332.31,0.05,1265.69,True,offers_v1,42,08efbdb5ab95
2024-11-18,Sangamner,tomato,1484.01,0.053,1405.36,True,offers_v1,42,08efbdb5ab95
2024-11-23,Sangamner,tomato,1100.93,0.0243,1074.22,True,offers_v1,42,08efbdb5ab95
2024-11-29,Sangamner,tomato,1133.77,0.0763,1047.22,True,offers_v1,42,08efbdb5ab95
2024-12-05,Sangamner,tomato,999.89,0.0219,977.99,True,offers_v1,42,08efbdb5ab95
2024-12-11,Sangamner,tomato,919.22,0.0607,863.44,True,offers_v1,42,08efbdb5ab95
2024-12-17,Sangamner,tomato,868.45,0.0829,796.49,True,offers_v1,42,08efbdb5ab95
2024-12-23,Sangamner,tomato,792.4,0.069,737.76,True,offers_v1,42,08efbdb5ab95
2024-12-28,Sangamner,tomato,656.12,0.067,612.18,True,offers_v1,42,08efbdb5ab95
2025-01-03,Sangamner,tomato,853.81,0.1118,758.34,True,offers_v1,42,08efbdb5ab95
2025-01-09,Sangamner,tomato,725.52,0.1267,633.59,True,offers_v1,42,08efbdb5ab95
2025-01-15,Sangamner,tomato,712.47,0.0413,683.02,True,offers_v1,42,08efbdb5ab95
2025-01-21,Sangamner,tomato,828.2,0.0,828.2,True,offers_v1,42,08efbdb5ab95
2025-01-27,Sangamner,tomato,699.62,0.0,699.62,True,offers_v1,42,08efbdb5ab95
2025-02-01,Sangamner,tomato,804.34,0.0859,735.26,True,offers_v1,42,08efbdb5ab95
2025-02-07,Sangamner,tomato,661.44,0.0132,652.68,True,offers_v1,42,08efbdb5ab95
2025-02-13,Sangamner,tomato,773.32,0.0346,746.59,True,offers_v1,42,08efbdb5ab95
2025-02-19,Sangamner,tomato,880.7,0.0,880.7,True,offers_v1,42,08efbdb5ab95
2025-02-25,Sangamner,tomato,970.33,0.0,970.33,True,offers_v1,42,08efbdb5ab95
2025-03-03,Sangamner,tomato,1190.84,0.02,1167.08,True,offers_v1,42,08efbdb5ab95
2025-03-08,Sangamner,tomato,1124.54,0.0421,1077.19,True,offers_v1,42,08efbdb5ab95
2025-03-14,Sangamner,tomato,1339.39,0.0748,1239.21,True,offers_v1,42,08efbdb5ab95
2025-03-20,Sangamner,tomato,1408.96,0.0176,1384.22,True,offers_v1,42,08efbdb5ab95
2025-03-26,Sangamner,tomato,1460.88,0.0522,1384.57,True,offers_v1,42,08efbdb5ab95
2025-04-01,Sangamner,tomato,1538.9,0.1521,1304.9,True,offers_v1,42,08efbdb5ab95
2025-04-07,Sangamner,tomato,1579.24,0.1282,1376.81,True,offers_v1,42,08efbdb5ab95
2025-04-12,Sangamner,tomato,1568.0,0.0464,1495.32,True,offers_v1,42,08efbdb5ab95
2025-04-18,Sangamner,tomato,1688.25,0.0918,1533.19,True,offers_v1,42,08efbdb5ab95
2025-04-24,Sangamner,tomato,1702.75,0.0488,1619.71,True,offers_v1,42,08efbdb5ab95
2025-04-30,Sangamner,tomato,1769.35,0.0511,1678.96,True,offers_v1,42,08efbdb5ab95
2025-05-06,Sangamner,tomato,1605.64,0.0,1605.64,True,offers_v1,42,08efbdb5ab95
2025-05-12,Sangamner,tomato,1673.96,0.0492,1591.55,True,offers_v1,42,08efbdb5ab95
2025-05-17,Sangamner,tomato,1819.05,0.01,1800.86,True,offers_v1,42,08efbdb5ab95
2025-05-23,Sangamner,tomato,1969.31,0.0519,1867.17,True,offers_v1,42,08efbdb5ab95
2025-05-29,Sangamner,tomato,1868.21,0.0,1868.21,True,offers_v1,42,08efbdb5ab95
2025-06-04,Sangamner,tomato,2147.94,0.0534,2033.23,True,offers_v1,42,08efbdb5ab95
2025-06-10,Sangamner,tomato,1995.73,0.1333,1729.75,True,offers_v1,42,08efbdb5ab95
2025-06-16,Sangamner,tomato,2131.11,0.0454,2034.27,True,offers_v1,42,08efbdb5ab95
2025-06-21,Sangamner,tomato,2219.1,0.0,2219.1,True,offers_v1,42,08efbdb5ab95
2025-06-27,Sangamner,tomato,2365.14,0.0,2365.14,True,offers_v1,42,08efbdb5ab95
2025-07-03,Sangamner,tomato,2274.75,0.0709,2113.36,True,offers_v1,42,08efbdb5ab95
2025-07-09,Sangamner,tomato,2270.93,0.0,2270.93,True,offers_v1,42,08efbdb5ab95
2025-07-15,Sangamner,tomato,2241.52,0.1431,1920.66,True,offers_v1,42,08efbdb5ab95
2025-07-21,Sangamner,tomato,2168.09,0.0548,2049.19,True,offers_v1,42,08efbdb5ab95
2025-07-26,Sangamner,tomato,2157.91,0.0973,1947.9,True,offers_v1,42,08efbdb5ab95
2025-08-01,Sangamner,tomato,2191.91,0.0218,2144.09,True,offers_v1,42,08efbdb5ab95
2025-08-07,Sangamner,tomato,2011.56,0.1893,1630.87,True,offers_v1,42,08efbdb5ab95
2025-08-13,Sangamner,tomato,2004.8,0.0234,1957.93,True,offers_v1,42,08efbdb5ab95
