farmer_id,crop,is_synthetic,price_source,quantity_q,cash_deadline_days,recommendation,confidence,confidence_score,advice_message,headline_gain_claim,simulation_notice,best_mandi,best_sell_date,days_to_wait,expected_net_return_per_q,reasoning
F_ONI_00_000,onion,True,synthetic,100.0,14,SELL_NOW_NEAREST,MEDIUM,0.473,[SIMULATED PRICES: Onion prices are simulated by human decision (time constraint). Real-world headline ₹ claims disabled.] Recommendation: SELL_NOW_NEAREST at mahar_nashik_lasalgaon. Note: Price levels for onion are synthetic simulation benchmarks.,N/A (claims disabled for synthetic crop),"SIMULATED PRICES: Onion price series are synthetic by human decision (time constraint, ADR-001). Real-world headline ₹ claims are disabled.",mahar_nashik_lasalgaon,2025-04-15,0,,Best net return is today at mahar_nashik_lasalgaon. | Data provenance notice: Onion prices are simulated by human decision (time constraint). Real-world headline ₹ claims are disabled per ADR-001.
F_ONI_00_001,onion,True,synthetic,10.0,7,SELL_NOW_NEAREST,MEDIUM,0.473,[SIMULATED PRICES: Onion prices are simulated by human decision (time constraint). Real-world headline ₹ claims disabled.] Recommendation: SELL_NOW_NEAREST at mahar_nashik_lasalgaon. Note: Price levels for onion are synthetic simulation benchmarks.,N/A (claims disabled for synthetic crop),"SIMULATED PRICES: Onion price series are synthetic by human decision (time constraint, ADR-001). Real-world headline ₹ claims are disabled.",mahar_nashik_lasalgaon,2025-04-15,0,,Best net return is today at mahar_nashik_lasalgaon. | Data provenance notice: Onion prices are simulated by human decision (time constraint). Real-world headline ₹ claims are disabled per ADR-001.
F_ONI_00_002,onion,True,synthetic,20.0,3,SELL_NOW_NEAREST,MEDIUM,0.473,[SIMULATED PRICES: Onion prices are simulated by human decision (time constraint). Real-world headline ₹ claims disabled.] Recommendation: SELL_NOW_NEAREST at mahar_nashik_lasalgaon. Note: Price levels for onion are synthetic simulation benchmarks.,N/A (claims disabled for synthetic crop),"SIMULATED PRICES: Onion price series are synthetic by human decision (time constraint, ADR-001). Real-world headline ₹ claims are disabled.",mahar_nashik_lasalgaon,2025-04-15,0,,Best net return is today at mahar_nashik_lasalgaon. | Data provenance notice: Onion prices are simulated by human decision (time constraint). Real-world headline ₹ claims are disabled per ADR-001.
F_ONI_00_003,onion,True,synthetic,50.0,7,SELL_NOW_NEAREST,MEDIUM,0.473,[SIMULATED PRICES: Onion prices are simulated by human decision (time constraint). Real-world headline ₹ claims disabled.] Recommendation: SELL_NOW_NEAREST at mahar_nashik_lasalgaon. Note: Price levels for onion are synthetic simulation benchmarks.,N/A (claims disabled for synthetic crop),"SIMULATED PRICES: Onion price series are synthetic by human decision (time constraint, ADR-001). Real-world headline ₹ claims are disabled.",mahar_nashik_lasalgaon,2025-04-15,0,,Best net return is today at mahar_nashik_lasalgaon. | Data provenance notice: Onion prices are simulated by human decision (time constraint). Real-world headline ₹ claims are disabled per ADR-001.
F_ONI_00_004,onion,True,synthetic,20.0,0,SELL_NOW_NEAREST,MEDIUM,0.473,[SIMULATED PRICES: Onion prices are simulated by human decision (time constraint). Real-world headline ₹ claims disabled.] Recommendation: SELL_NOW_NEAREST at mahar_nashik_lasalgaon. Note: Price levels for onion are synthetic simulation benchmarks.,N/A (claims disabled for synthetic crop),"SIMULATED PRICES: Onion price series are synthetic by human decision (time constraint, ADR-001). Real-world headline ₹ claims are disabled.",mahar_nashik_lasalgaon,2025-04-15,0,,Best net return is today at mahar_nashik_lasalgaon. | Data provenance notice: Onion prices are simulated by human decision (time constraint). Real-world headline ₹ claims are disabled per ADR-001.
F_ONI_00_005,onion,True,synthetic,20.0,7,SELL_NOW_NEAREST,MEDIUM,0.473,[SIMULATED PRICES: Onion prices are simulated by human decision (time constraint). Real-world headline ₹ claims disabled.] Recommendation: SELL_NOW_NEAREST at mahar_nashik_lasalgaon. Note: Price levels for onion are synthetic simulation benchmarks.,N/A (claims disabled for synthetic crop),"SIMULATED PRICES: Onion price series are synthetic by human decision (time constraint, ADR-001). Real-world headline ₹ claims are disabled.",mahar_nashik_lasalgaon,2025-04-15,0,,Best net return is today at mahar_nashik_lasalgaon. | Data provenance notice: Onion prices are simulated by human decision (time constraint). Real-world headline ₹ claims are disabled per ADR-001.
F_ONI_00_006,onion,True,synthetic,10.0,14,SELL_NOW_NEAREST,MEDIUM,0.473,[SIMULATED PRICES: Onion prices are simulated by human decision (time constraint). Real-world headline ₹ claims disabled.] Recommendation: SELL_NOW_NEAREST at mahar_nashik_lasalgaon. Note: Price levels for onion are synthetic simulation benchmarks.,N/A (claims disabled for synthetic crop),"SIMULATED PRICES: Onion price series are synthetic by human decision (time constraint, ADR-001). Real-world headline ₹ claims are disabled.",mahar_nashik_lasalgaon,2025-04-15,0,,Best net return is today at mahar_nashik_lasalgaon. | Data provenance notice: Onion prices are simulated by human decision (time constraint). Real-world headline ₹ claims are disabled per ADR-001.
F_ONI_00_007,onion,True,synthetic,50.0,14,SELL_NOW_NEAREST,MEDIUM,0.473,[SIMULATED PRICES: Onion prices are simulated by human decision (time constraint). Real-world headline ₹ claims disabled.] Recommendation: SELL_NOW_NEAREST at mahar_nashik_lasalgaon. Note: Price levels for onion are synthetic simulation benchmarks.,N/A (claims disabled for synthetic crop),"SIMULATED PRICES: Onion price series are synthetic by human decision (time constraint, ADR-001). Real-world headline ₹ claims are disabled.",mahar_nashik_lasalgaon,2025-04-15,0,,Best net return is today at mahar_nashik_lasalgaon. | Data provenance notice: Onion prices are simulated by human decision (time constraint). Real-world headline ₹ claims are disabled per ADR-001.
F_ONI_00_008,onion,True,synthetic,10.0,0,SELL_NOW_NEAREST,MEDIUM,0.473,[SIMULATED PRICES: Onion prices are simulated by human decision (time constraint). Real-world headline ₹ claims disabled.] Recommendation: SELL_NOW_NEAREST at mahar_nashik_lasalgaon. Note: Price levels for onion are synthetic simulation benchmarks.,N/A (claims disabled for synthetic crop),"SIMULATED PRICES: Onion price series are synthetic by human decision (time constraint, ADR-001). Real-world headline ₹ claims are disabled.",mahar_nashik_lasalgaon,2025-04-15,0,,Best net return is today at mahar_nashik_lasalgaon. | Data provenance notice: Onion prices are simulated by human decision (time constraint). Real-world headline ₹ claims are disabled per ADR-001.
F_ONI_00_009,onion,True,synthetic,20.0,7,SELL_NOW_NEAREST,MEDIUM,0.473,[SIMULATED PRICES: Onion prices are simulated by human decision (time constraint). Real-world headline ₹ claims disabled.] Recommendation: SELL_NOW_NEAREST at mahar_nashik_lasalgaon. Note: Price levels for onion are synthetic simulation benchmarks.,N/A (claims disabled for synthetic crop),"SIMULATED PRICES: Onion price series are synthetic by human decision (time constraint, ADR-001). Real-world headline ₹ claims are disabled.",mahar_nashik_lasalgaon,2025-04-15,0,,Best net return is today at mahar_nashik_lasalgaon. | Data provenance notice: Onion prices are simulated by human decision (time constraint). Real-world headline ₹ claims are disabled per ADR-001.
F_ONI_00_010,onion,True,synthetic,20.0,14,SELL_NOW_NEAREST,MEDIUM,0.473,[SIMULATED PRICES: Onion prices are simulated by human decision (time constraint). Real-world headline ₹ claims disabled.] Recommendation: SELL_NOW_NEAREST at mahar_nashik_lasalgaon. Note: Price levels for onion are synthetic simulation benchmarks.,N/A (claims disabled for synthetic crop),"SIMULATED PRICES: Onion price series are synthetic by human decision (time constraint, ADR-001). Real-world headline ₹ claims are disabled.",mahar_nashik_lasalgaon,2025-04-15,0,,Best net return is today at mahar_nashik_lasalgaon. | Data provenance notice: Onion prices are simulated by human decision (time constraint). Real-world headline ₹ claims are disabled per ADR-001.
F_ONI_00_011,onion,True,synthetic,10.0,7,SELL_NOW_NEAREST,MEDIUM,0.473,[SIMULATED PRICES: Onion prices are simulated by human decision (time constraint). Real-world headline ₹ claims disabled.] Recommendation: SELL_NOW_NEAREST at mahar_nashik_lasalgaon. Note: Price levels for onion are synthetic simulation benchmarks.,N/A (claims disabled for synthetic crop),"SIMULATED PRICES: Onion price series are synthetic by human decision (time constraint, ADR-001). Real-world headline ₹ claims are disabled.",mahar_nashik_lasalgaon,2025-04-15,0,,Best net return is today at mahar_nashik_lasalgaon. | Data provenance notice: Onion prices are simulated by human decision (time constraint). Real-world headline ₹ claims are disabled per ADR-001.
F_ONI_00_012,onion,True,synthetic,10.0,3,SELL_NOW_NEAREST,MEDIUM,0.473,[SIMULATED PRICES: Onion prices are simulated by human decision (time constraint). Real-world headline ₹ claims disabled.] Recommendation: SELL_NOW_NEAREST at mahar_nashik_lasalgaon. Note: Price levels for onion are synthetic simulation benchmarks.,N/A (claims disabled for synthetic crop),"SIMULATED PRICES: Onion price series are synthetic by human decision (time constraint, ADR-001). Real-world headline ₹ claims are disabled.",mahar_nashik_lasalgaon,2025-04-15,0,,Best net return is today at mahar_nashik_lasalgaon. | Data provenance notice: Onion prices are simulated by human decision (time constraint). Real-world headline ₹ claims are disabled per ADR-001.
F_ONI_00_013,onion,True,synthetic,50.0,7,SELL_NOW_NEAREST,MEDIUM,0.473,[SIMULATED PRICES: Onion prices are simulated by human decision (time constraint). Real-world headline ₹ claims disabled.] Recommendation: SELL_NOW_NEAREST at mahar_nashik_lasalgaon. Note: Price levels for onion are synthetic simulation benchmarks.,N/A (claims disabled for synthetic crop),"SIMULATED PRICES: Onion price series are synthetic by human decision (time constraint, ADR-001). Real-world headline ₹ claims are disabled.",mahar_nashik_lasalgaon,2025-04-15,0,,Best net return is today at mahar_nashik_lasalgaon. | Data provenance notice: Onion prices are simulated by human decision (time constraint). Real-world headline ₹ claims are disabled per ADR-001.
F_ONI_00_014,onion,True,synthetic,50.0,7,SELL_NOW_NEAREST,MEDIUM,0.473,[SIMULATED PRICES: Onion prices are simulated by human decision (time constraint). Real-world headline ₹ claims disabled.] Recommendation: SELL_NOW_NEAREST at mahar_nashik_lasalgaon. Note: Price levels for onion are synthetic simulation benchmarks.,N/A (claims disabled for synthetic crop),"SIMULATED PRICES: Onion price series are synthetic by human decision (time constraint, ADR-001). Real-world headline ₹ claims are disabled.",mahar_nashik_lasalgaon,2025-04-15,0,,Best net return is today at mahar_nashik_lasalgaon. | Data provenance notice: Onion prices are simulated by human decision (time constraint). Real-world headline ₹ claims are disabled per ADR-001.
F_ONI_00_015,onion,True,synthetic,20.0,7,SELL_NOW_NEAREST,MEDIUM,0.473,[SIMULATED PRICES: Onion prices are simulated by human decision (time constraint). Real-world headline ₹ claims disabled.] Recommendation: SELL_NOW_NEAREST at mahar_nashik_lasalgaon. Note: Price levels for onion are synthetic simulation benchmarks.,N/A (claims disabled for synthetic crop),"SIMULATED PRICES: Onion price series are synthetic by human decision (time constraint, ADR-001). Real-world headline ₹ claims are disabled.",mahar_nashik_lasalgaon,2025-04-15,0,,Best net return is today at mahar_nashik_lasalgaon. | Data provenance notice: Onion prices are simulated by human decision (time constraint). Real-world headline ₹ claims are disabled per ADR-001.
F_ONI_00_016,onion,True,synthetic,10.0,21,SELL_NOW_NEAREST,MEDIUM,0.473,[SIMULATED PRICES: Onion prices are simulated by human decision (time constraint). Real-world headline ₹ claims disabled.] Recommendation: SELL_NOW_NEAREST at mahar_nashik_lasalgaon. Note: Price levels for onion are synthetic simulation benchmarks.,N/A (claims disabled for synthetic crop),"SIMULATED PRICES: Onion price series are synthetic by human decision (time constraint, ADR-001). Real-world headline ₹ claims are disabled.",mahar_nashik_lasalgaon,2025-04-15,0,,Best net return is today at mahar_nashik_lasalgaon. | Data provenance notice: Onion prices are simulated by human decision (time constraint). Real-world headline ₹ claims are disabled per ADR-001.
F_ONI_00_017,onion,True,synthetic,50.0,14,SELL_NOW_NEAREST,MEDIUM,0.473,[SIMULATED PRICES: Onion prices are simulated by human decision (time constraint). Real-world headline ₹ claims disabled.] Recommendation: SELL_NOW_NEAREST at mahar_nashik_lasalgaon. Note: Price levels for onion are synthetic simulation benchmarks.,N/A (claims disabled for synthetic crop),"SIMULATED PRICES: Onion price series are synthetic by human decision (time constraint, ADR-001). Real-world headline ₹ claims are disabled.",mahar_nashik_lasalgaon,2025-04-15,0,,Best net return is today at mahar_nashik_lasalgaon. | Data provenance notice: Onion prices are simulated by human decision (time constraint). Real-world headline ₹ claims are disabled per ADR-001.
F_ONI_00_018,onion,True,synthetic,20.0,3,SELL_NOW_NEAREST,MEDIUM,0.473,[SIMULATED PRICES: Onion prices are simulated by human decision (time constraint). Real-world headline ₹ claims disabled.] Recommendation: SELL_NOW_NEAREST at mahar_nashik_lasalgaon. Note: Price levels for onion are synthetic simulation benchmarks.,N/A (claims disabled for synthetic crop),"SIMULATED PRICES: Onion price series are synthetic by human decision (time constraint, ADR-001). Real-world headline ₹ claims are disabled.",mahar_nashik_lasalgaon,2025-04-15,0,,Best net return is today at mahar_nashik_lasalgaon. | Data provenance notice: Onion prices are simulated by human decision (time constraint). Real-world headline ₹ claims are disabled per ADR-001.
F_ONI_00_019,onion,True,synthetic,50.0,14,SELL_NOW_NEAREST,MEDIUM,0.473,[SIMULATED PRICES: Onion prices are simulated by human decision (time constraint). Real-world headline ₹ claims disabled.] Recommendation: SELL_NOW_NEAREST at mahar_nashik_lasalgaon. Note: Price levels for onion are synthetic simulation benchmarks.,N/A (claims disabled for synthetic crop),"SIMULATED PRICES: Onion price series are synthetic by human decision (time constraint, ADR-001). Real-world headline ₹ claims are disabled.",mahar_nashik_lasalgaon,2025-04-15,0,,Best net return is today at mahar_nashik_lasalgaon. | Data provenance notice: Onion prices are simulated by human decision (time constraint). Real-world headline ₹ claims are disabled per ADR-001.
F_ONI_00_020,onion,True,synthetic,10.0,7,SELL_NOW_NEAREST,MEDIUM,0.473,[SIMULATED PRICES: Onion prices are simulated by human decision (time constraint). Real-world headline ₹ claims disabled.] Recommendation: SELL_NOW_NEAREST at mahar_nashik_lasalgaon. Note: Price levels for onion are synthetic simulation benchmarks.,N/A (claims disabled for synthetic crop),"SIMULATED PRICES: Onion price series are synthetic by human decision (time constraint, ADR-001). Real-world headline ₹ claims are disabled.",mahar_nashik_lasalgaon,2025-04-15,0,,Best net return is today at mahar_nashik_lasalgaon. | Data provenance notice: Onion prices are simulated by human decision (time constraint). Real-world headline ₹ claims are disabled per ADR-001.
F_ONI_00_021,onion,True,synthetic,10.0,7,SELL_NOW_NEAREST,MEDIUM,0.473,[SIMULATED PRICES: Onion prices are simulated by human decision (time constraint). Real-world headline ₹ claims disabled.] Recommendation: SELL_NOW_NEAREST at mahar_nashik_lasalgaon. Note: Price levels for onion are synthetic simulation benchmarks.,N/A (claims disabled for synthetic crop),"SIMULATED PRICES: Onion price series are synthetic by human decision (time constraint, ADR-001). Real-world headline ₹ claims are disabled.",mahar_nashik_lasalgaon,2025-04-15,0,,Best net return is today at mahar_nashik_lasalgaon. | Data provenance notice: Onion prices are simulated by human decision (time constraint). Real-world headline ₹ claims are disabled per ADR-001.
F_ONI_00_022,onion,True,synthetic,20.0,0,SELL_NOW_NEAREST,MEDIUM,0.473,[SIMULATED PRICES: Onion prices are simulated by human decision (time constraint). Real-world headline ₹ claims disabled.] Recommendation: SELL_NOW_NEAREST at mahar_nashik_lasalgaon. Note: Price levels for onion are synthetic simulation benchmarks.,N/A (claims disabled for synthetic crop),"SIMULATED PRICES: Onion price series are synthetic by human decision (time constraint, ADR-001). Real-world headline ₹ claims are disabled.",mahar_nashik_lasalgaon,2025-04-15,0,,Best net return is today at mahar_nashik_lasalgaon. | Data provenance notice: Onion prices are simulated by human decision (time constraint). Real-world headline ₹ claims are disabled per ADR-001.
F_ONI_00_023,onion,True,synthetic,20.0,7,SELL_NOW_NEAREST,MEDIUM,0.473,[SIMULATED PRICES: Onion prices are simulated by human decision (time constraint). Real-world headline ₹ claims disabled.] Recommendation: SELL_NOW_NEAREST at mahar_nashik_lasalgaon. Note: Price levels for onion are synthetic simulation benchmarks.,N/A (claims disabled for synthetic crop),"SIMULATED PRICES: Onion price series are synthetic by human decision (time constraint, ADR-001). Real-world headline ₹ claims are disabled.",mahar_nashik_lasalgaon,2025-04-15,0,,Best net return is today at mahar_nashik_lasalgaon. | Data provenance notice: Onion prices are simulated by human decision (time constraint). Real-world headline ₹ claims are disabled per ADR-001.
F_ONI_00_024,onion,True,synthetic,20.0,7,SELL_NOW_NEAREST,MEDIUM,0.473,[SIMULATED PRICES: Onion prices are simulated by human decision (time constraint). Real-world headline ₹ claims disabled.] Recommendation: SELL_NOW_NEAREST at mahar_nashik_lasalgaon. Note: Price levels for onion are synthetic simulation benchmarks.,N/A (claims disabled for synthetic crop),"SIMULATED PRICES: Onion price series are synthetic by human decision (time constraint, ADR-001). Real-world headline ₹ claims are disabled.",mahar_nashik_lasalgaon,2025-04-15,0,,Best net return is today at mahar_nashik_lasalgaon. | Data provenance notice: Onion prices are simulated by human decision (time constraint). Real-world headline ₹ claims are disabled per ADR-001.
F_ONI_01_000,onion,True,synthetic,10.0,7,SELL_NOW_NEAREST,MEDIUM,0.473,[SIMULATED PRICES: Onion prices are simulated by human decision (time constraint). Real-world headline ₹ claims disabled.] Recommendation: SELL_NOW_NEAREST at mahar_nashik_lasalgaon. Note: Price levels for onion are synthetic simulation benchmarks.,N/A (claims disabled for synthetic crop),"SIMULATED PRICES: Onion price series are synthetic by human decision (time constraint, ADR-001). Real-world headline ₹ claims are disabled.",mahar_nashik_lasalgaon,2025-04-15,0,,Best net return is today at mahar_nashik_lasalgaon. | Data provenance notice: Onion prices are simulated by human decision (time constraint). Real-world headline ₹ claims are disabled per ADR-001.
F_ONI_01_001,onion,True,synthetic,50.0,14,SELL_NOW_NEAREST,MEDIUM,0.473,[SIMULATED PRICES: Onion prices are simulated by human decision (time constraint). Real-world headline ₹ claims disabled.] Recommendation: SELL_NOW_NEAREST at mahar_nashik_lasalgaon. Note: Price levels for onion are synthetic simulation benchmarks.,N/A (claims disabled for synthetic crop),"SIMULATED PRICES: Onion price series are synthetic by human decision (time constraint, ADR-001). Real-world headline ₹ claims are disabled.",mahar_nashik_lasalgaon,2025-04-15,0,,Best net return is today at mahar_nashik_lasalgaon. | Data provenance notice: Onion prices are simulated by human decision (time constraint). Real-world headline ₹ claims are disabled per ADR-001.
F_ONI_01_002,onion,True,synthetic,20.0,7,SELL_NOW_NEAREST,MEDIUM,0.473,[SIMULATED PRICES: Onion prices are simulated by human decision (time constraint). Real-world headline ₹ claims disabled.] Recommendation: SELL_NOW_NEAREST at mahar_nashik_lasalgaon. Note: Price levels for onion are synthetic simulation benchmarks.,N/A (claims disabled for synthetic crop),"SIMULATED PRICES: Onion price series are synthetic by human decision (time constraint, ADR-001). Real-world headline ₹ claims are disabled.",mahar_nashik_lasalgaon,2025-04-15,0,,Best net return is today at mahar_nashik_lasalgaon. | Data provenance notice: Onion prices are simulated by human decision (time constraint). Real-world headline ₹ claims are disabled per ADR-001.
F_ONI_01_003,onion,True,synthetic,20.0,7,SELL_NOW_NEAREST,MEDIUM,0.473,[SIMULATED PRICES: Onion prices are simulated by human decision (time constraint). Real-world headline ₹ claims disabled.] Recommendation: SELL_NOW_NEAREST at mahar_nashik_lasalgaon. Note: Price levels for onion are synthetic simulation benchmarks.,N/A (claims disabled for synthetic crop),"SIMULATED PRICES: Onion price series are synthetic by human decision (time constraint, ADR-001). Real-world headline ₹ claims are disabled.",mahar_nashik_lasalgaon,2025-04-15,0,,Best net return is today at mahar_nashik_lasalgaon. | Data provenance notice: Onion prices are simulated by human decision (time constraint). Real-world headline ₹ claims are disabled per ADR-001.
F_ONI_01_004,onion,True,synthetic,20.0,21,SELL_NOW_NEAREST,MEDIUM,0.473,[SIMULATED PRICES: Onion prices are simulated by human decision (time constraint). Real-world headline ₹ claims disabled.] Recommendation: SELL_NOW_NEAREST at mahar_nashik_lasalgaon. Note: Price levels for onion are synthetic simulation benchmarks.,N/A (claims disabled for synthetic crop),"SIMULATED PRICES: Onion price series are synthetic by human decision (time constraint, ADR-001). Real-world headline ₹ claims are disabled.",mahar_nashik_lasalgaon,2025-04-15,0,,Best net return is today at mahar_nashik_lasalgaon. | Data provenance notice: Onion prices are simulated by human decision (time constraint). Real-world headline ₹ claims are disabled per ADR-001.
F_ONI_01_005,onion,True,synthetic,20.0,7,SELL_NOW_NEAREST,MEDIUM,0.473,[SIMULATED PRICES: Onion prices are simulated by human decision (time constraint). Real-world headline ₹ claims disabled.] Recommendation: SELL_NOW_NEAREST at mahar_nashik_lasalgaon. Note: Price levels for onion are synthetic simulation benchmarks.,N/A (claims disabled for synthetic crop),"SIMULATED PRICES: Onion price series are synthetic by human decision (time constraint, ADR-001). Real-world headline ₹ claims are disabled.",mahar_nashik_lasalgaon,2025-04-15,0,,Best net return is today at mahar_nashik_lasalgaon. | Data provenance notice: Onion prices are simulated by human decision (time constraint). Real-world headline ₹ claims are disabled per ADR-001.
F_ONI_01_006,onion,True,synthetic,50.0,3,SELL_NOW_NEAREST,MEDIUM,0.473,[SIMULATED PRICES: Onion prices are simulated by human decision (time constraint). Real-world headline ₹ claims disabled.] Recommendation: SELL_NOW_NEAREST at mahar_nashik_lasalgaon. Note: Price levels for onion are synthetic simulation benchmarks.,N/A (claims disabled for synthetic crop),"SIMULATED PRICES: Onion price series are synthetic by human decision (time constraint, ADR-001). Real-world headline ₹ claims are disabled.",mahar_nashik_lasalgaon,2025-04-15,0,,Best net return is today at mahar_nashik_lasalgaon. | Data provenance notice: Onion prices are simulated by human decision (time constraint). Real-world headline ₹ claims are disabled per ADR-001.
F_ONI_01_007,onion,True,synthetic,10.0,3,SELL_NOW_NEAREST,MEDIUM,0.473,[SIMULATED PRICES: Onion prices are simulated by human decision (time constraint). Real-world headline ₹ claims disabled.] Recommendation: SELL_NOW_NEAREST at mahar_nashik_lasalgaon. Note: Price levels for onion are synthetic simulation benchmarks.,N/A (claims disabled for synthetic crop),"SIMULATED PRICES: Onion price series are synthetic by human decision (time constraint, ADR-001). Real-world headline ₹ claims are disabled.",mahar_nashik_lasalgaon,2025-04-15,0,,Best net return is today at mahar_nashik_lasalgaon. | Data provenance notice: Onion prices are simulated by human decision (time constraint). Real-world headline ₹ claims are disabled per ADR-001.
F_ONI_01_008,onion,True,synthetic,50.0,21,SELL_NOW_NEAREST,MEDIUM,0.473,[SIMULATED PRICES: Onion prices are simulated by human decision (time constraint). Real-world headline ₹ claims disabled.] Recommendation: SELL_NOW_NEAREST at mahar_nashik_lasalgaon. Note: Price levels for onion are synthetic simulation benchmarks.,N/A (claims disabled for synthetic crop),"SIMULATED PRICES: Onion price series are synthetic by human decision (time constraint, ADR-001). Real-world headline ₹ claims are disabled.",mahar_nashik_lasalgaon,2025-04-15,0,,Best net return is today at mahar_nashik_lasalgaon. | Data provenance notice: Onion prices are simulated by human decision (time constraint). Real-world headline ₹ claims are disabled per ADR-001.
F_ONI_01_009,onion,True,synthetic,10.0,14,SELL_NOW_NEAREST,MEDIUM,0.473,[SIMULATED PRICES: Onion prices are simulated by human decision (time constraint). Real-world headline ₹ claims disabled.] Recommendation: SELL_NOW_NEAREST at mahar_nashik_lasalgaon. Note: Price levels for onion are synthetic simulation benchmarks.,N/A (claims disabled for synthetic crop),"SIMULATED PRICES: Onion price series are synthetic by human decision (time constraint, ADR-001). Real-world headline ₹ claims are disabled.",mahar_nashik_lasalgaon,2025-04-15,0,,Best net return is today at mahar_nashik_lasalgaon. | Data provenance notice: Onion prices are simulated by human decision (time constraint). Real-world headline ₹ claims are disabled per ADR-001.
F_ONI_01_010,onion,True,synthetic,10.0,14,SELL_NOW_NEAREST,MEDIUM,0.473,[SIMULATED PRICES: Onion prices are simulated by human decision (time constraint). Real-world headline ₹ claims disabled.] Recommendation: SELL_NOW_NEAREST at mahar_nashik_lasalgaon. Note: Price levels for onion are synthetic simulation benchmarks.,N/A (claims disabled for synthetic crop),"SIMULATED PRICES: Onion price series are synthetic by human decision (time constraint, ADR-001). Real-world headline ₹ claims are disabled.",mahar_nashik_lasalgaon,2025-04-15,0,,Best net return is today at mahar_nashik_lasalgaon. | Data provenance notice: Onion prices are simulated by human decision (time constraint). Real-world headline ₹ claims are disabled per ADR-001.
F_ONI_01_011,onion,True,synthetic,100.0,7,SELL_NOW_NEAREST,MEDIUM,0.473,[SIMULATED PRICES: Onion prices are simulated by human decision (time constraint). Real-world headline ₹ claims disabled.] Recommendation: SELL_NOW_NEAREST at mahar_nashik_lasalgaon. Note: Price levels for onion are synthetic simulation benchmarks.,N/A (claims disabled for synthetic crop),"SIMULATED PRICES: Onion price series are synthetic by human decision (time constraint, ADR-001). Real-world headline ₹ claims are disabled.",mahar_nashik_lasalgaon,2025-04-15,0,,Best net return is today at mahar_nashik_lasalgaon. | Data provenance notice: Onion prices are simulated by human decision (time constraint). Real-world headline ₹ claims are disabled per ADR-001.
F_ONI_01_012,onion,True,synthetic,20.0,21,SELL_NOW_NEAREST,MEDIUM,0.473,[SIMULATED PRICES: Onion prices are simulated by human decision (time constraint). Real-world headline ₹ claims disabled.] Recommendation: SELL_NOW_NEAREST at mahar_nashik_lasalgaon. Note: Price levels for onion are synthetic simulation benchmarks.,N/A (claims disabled for synthetic crop),"SIMULATED PRICES: Onion price series are synthetic by human decision (time constraint, ADR-001). Real-world headline ₹ claims are disabled.",mahar_nashik_lasalgaon,2025-04-15,0,,Best net return is today at mahar_nashik_lasalgaon. | Data provenance notice: Onion prices are simulated by human decision (time constraint). Real-world headline ₹ claims are disabled per ADR-001.
F_ONI_01_013,onion,True,synthetic,10.0,7,SELL_NOW_NEAREST,MEDIUM,0.473,[SIMULATED PRICES: Onion prices are simulated by human decision (time constraint). Real-world headline ₹ claims disabled.] Recommendation: SELL_NOW_NEAREST at mahar_nashik_lasalgaon. Note: Price levels for onion are synthetic simulation benchmarks.,N/A (claims disabled for synthetic crop),"SIMULATED PRICES: Onion price series are synthetic by human decision (time constraint, ADR-001). Real-world headline ₹ claims are disabled.",mahar_nashik_lasalgaon,2025-04-15,0,,Best net return is today at mahar_nashik_lasalgaon. | Data provenance notice: Onion prices are simulated by human decision (time constraint). Real-world headline ₹ claims are disabled per ADR-001.
F_ONI_01_014,onion,True,synthetic,20.0,14,SELL_NOW_NEAREST,MEDIUM,0.473,[SIMULATED PRICES: Onion prices are simulated by human decision (time constraint). Real-world headline ₹ claims disabled.] Recommendation: SELL_NOW_NEAREST at mahar_nashik_lasalgaon. Note: Price levels for onion are synthetic simulation benchmarks.,N/A (claims disabled for synthetic crop),"SIMULATED PRICES: Onion price series are synthetic by human decision (time constraint, ADR-001). Real-world headline ₹ claims are disabled.",mahar_nashik_lasalgaon,2025-04-15,0,,Best net return is today at mahar_nashik_lasalgaon. | Data provenance notice: Onion prices are simulated by human decision (time constraint). Real-world headline ₹ claims are disabled per ADR-001.
F_ONI_01_015,onion,True,synthetic,10.0,7,SELL_NOW_NEAREST,MEDIUM,0.473,[SIMULATED PRICES: Onion prices are simulated by human decision (time constraint). Real-world headline ₹ claims disabled.] Recommendation: SELL_NOW_NEAREST at mahar_nashik_lasalgaon. Note: Price levels for onion are synthetic simulation benchmarks.,N/A (claims disabled for synthetic crop),"SIMULATED PRICES: Onion price series are synthetic by human decision (time constraint, ADR-001). Real-world headline ₹ claims are disabled.",mahar_nashik_lasalgaon,2025-04-15,0,,Best net return is today at mahar_nashik_lasalgaon. | Data provenance notice: Onion prices are simulated by human decision (time constraint). Real-world headline ₹ claims are disabled per ADR-001.
F_ONI_01_016,onion,True,synthetic,20.0,7,SELL_NOW_NEAREST,MEDIUM,0.473,[SIMULATED PRICES: Onion prices are simulated by human decision (time constraint). Real-world headline ₹ claims disabled.] Recommendation: SELL_NOW_NEAREST at mahar_nashik_lasalgaon. Note: Price levels for onion are synthetic simulation benchmarks.,N/A (claims disabled for synthetic crop),"SIMULATED PRICES: Onion price series are synthetic by human decision (time constraint, ADR-001). Real-world headline ₹ claims are disabled.",mahar_nashik_lasalgaon,2025-04-15,0,,Best net return is today at mahar_nashik_lasalgaon. | Data provenance notice: Onion prices are simulated by human decision (time constraint). Real-world headline ₹ claims are disabled per ADR-001.
F_ONI_01_017,onion,True,synthetic,10.0,14,SELL_NOW_NEAREST,MEDIUM,0.473,[SIMULATED PRICES: Onion prices are simulated by human decision (time constraint). Real-world headline ₹ claims disabled.] Recommendation: SELL_NOW_NEAREST at mahar_nashik_lasalgaon. Note: Price levels for onion are synthetic simulation benchmarks.,N/A (claims disabled for synthetic crop),"SIMULATED PRICES: Onion price series are synthetic by human decision (time constraint, ADR-001). Real-world headline ₹ claims are disabled.",mahar_nashik_lasalgaon,2025-04-15,0,,Best net return is today at mahar_nashik_lasalgaon. | Data provenance notice: Onion prices are simulated by human decision (time constraint). Real-world headline ₹ claims are disabled per ADR-001.
F_ONI_01_018,onion,True,synthetic,10.0,14,SELL_NOW_NEAREST,MEDIUM,0.473,[SIMULATED PRICES: Onion prices are simulated by human decision (time constraint). Real-world headline ₹ claims disabled.] Recommendation: SELL_NOW_NEAREST at mahar_nashik_lasalgaon. Note: Price levels for onion are synthetic simulation benchmarks.,N/A (claims disabled for synthetic crop),"SIMULATED PRICES: Onion price series are synthetic by human decision (time constraint, ADR-001). Real-world headline ₹ claims are disabled.",mahar_nashik_lasalgaon,2025-04-15,0,,Best net return is today at mahar_nashik_lasalgaon. | Data provenance notice: Onion prices are simulated by human decision (time constraint). Real-world headline ₹ claims are disabled per ADR-001.
F_ONI_01_019,onion,True,synthetic,20.0,3,SELL_NOW_NEAREST,MEDIUM,0.473,[SIMULATED PRICES: Onion prices are simulated by human decision (time constraint). Real-world headline ₹ claims disabled.] Recommendation: SELL_NOW_NEAREST at mahar_nashik_lasalgaon. Note: Price levels for onion are synthetic simulation benchmarks.,N/A (claims disabled for synthetic crop),"SIMULATED PRICES: Onion price series are synthetic by human decision (time constraint, ADR-001). Real-world headline ₹ claims are disabled.",mahar_nashik_lasalgaon,2025-04-15,0,,Best net return is today at mahar_nashik_lasalgaon. | Data provenance notice: Onion prices are simulated by human decision (time constraint). Real-world headline ₹ claims are disabled per ADR-001.
F_ONI_01_020,onion,True,synthetic,10.0,7,SELL_NOW_NEAREST,MEDIUM,0.473,[SIMULATED PRICES: Onion prices are simulated by human decision (time constraint). Real-world headline ₹ claims disabled.] Recommendation: SELL_NOW_NEAREST at mahar_nashik_lasalgaon. Note: Price levels for onion are synthetic simulation benchmarks.,N/A (claims disabled for synthetic crop),"SIMULATED PRICES: Onion price series are synthetic by human decision (time constraint, ADR-001). Real-world headline ₹ claims are disabled.",mahar_nashik_lasalgaon,2025-04-15,0,,Best net return is today at mahar_nashik_lasalgaon. | Data provenance notice: Onion prices are simulated by human decision (time constraint). Real-world headline ₹ claims are disabled per ADR-001.
F_ONI_01_021,onion,True,synthetic,100.0,21,SELL_NOW_NEAREST,MEDIUM,0.473,[SIMULATED PRICES: Onion prices are simulated by human decision (time constraint). Real-world headline ₹ claims disabled.] Recommendation: SELL_NOW_NEAREST at mahar_nashik_lasalgaon. Note: Price levels for onion are synthetic simulation benchmarks.,N/A (claims disabled for synthetic crop),"SIMULATED PRICES: Onion price series are synthetic by human decision (time constraint, ADR-001). Real-world headline ₹ claims are disabled.",mahar_nashik_lasalgaon,2025-04-15,0,,Best net return is today at mahar_nashik_lasalgaon. | Data provenance notice: Onion prices are simulated by human decision (time constraint). Real-world headline ₹ claims are disabled per ADR-001.
F_ONI_01_022,onion,True,synthetic,20.0,7,SELL_NOW_NEAREST,MEDIUM,0.473,[SIMULATED PRICES: Onion prices are simulated by human decision (time constraint). Real-world headline ₹ claims disabled.] Recommendation: SELL_NOW_NEAREST at mahar_nashik_lasalgaon. Note: Price levels for onion are synthetic simulation benchmarks.,N/A (claims disabled for synthetic crop),"SIMULATED PRICES: Onion price series are synthetic by human decision (time constraint, ADR-001). Real-world headline ₹ claims are disabled.",mahar_nashik_lasalgaon,2025-04-15,0,,Best net return is today at mahar_nashik_lasalgaon. | Data provenance notice: Onion prices are simulated by human decision (time constraint). Real-world headline ₹ claims are disabled per ADR-001.
F_ONI_01_023,onion,True,synthetic,50.0,0,SELL_NOW_NEAREST,MEDIUM,0.473,[SIMULATED PRICES: Onion prices are simulated by human decision (time constraint). Real-world headline ₹ claims disabled.] Recommendation: SELL_NOW_NEAREST at mahar_nashik_lasalgaon. Note: Price levels for onion are synthetic simulation benchmarks.,N/A (claims disabled for synthetic crop),"SIMULATED PRICES: Onion price series are synthetic by human decision (time constraint, ADR-001). Real-world headline ₹ claims are disabled.",mahar_nashik_lasalgaon,2025-04-15,0,,Best net return is today at mahar_nashik_lasalgaon. | Data provenance notice: Onion prices are simulated by human decision (time constraint). Real-world headline ₹ claims are disabled per ADR-001.
F_ONI_01_024,onion,True,synthetic,100.0,14,SELL_NOW_NEAREST,MEDIUM,0.473,[SIMULATED PRICES: Onion prices are simulated by human decision (time constraint). Real-world headline ₹ claims disabled.] Recommendation: SELL_NOW_NEAREST at mahar_nashik_lasalgaon. Note: Price levels for onion are synthetic simulation benchmarks.,N/A (claims disabled for synthetic crop),"SIMULATED PRICES: Onion price series are synthetic by human decision (time constraint, ADR-001). Real-world headline ₹ claims are disabled.",mahar_nashik_lasalgaon,2025-04-15,0,,Best net return is today at mahar_nashik_lasalgaon. | Data provenance notice: Onion prices are simulated by human decision (time constraint). Real-world headline ₹ claims are disabled per ADR-001.
